id,step,size,control,candidate,trials,control_median_ms,candidate_median_ms,paired_speedup,paired_latency_reduction_pct,paired_saving_us,faster_pairs,candidate_first_count,positions_balanced,control_positions,candidate_positions,decision,source
s4_permit,4,2048,baseline,early_release,5,0.07664106686909994,0.043149868647257485,1.7758526250911641,43.6890209316404,33.483731746673584,5,1,False,"[2, 0, 1, 0, 1, 0, 1, 0]","[0, 2, 0, 0, 0, 1, 0, 2]",adopted,results_b300/step45_probe.PS9CFi/probe/samples.json
s4_k128,4,1024,baseline,k_tile_128,5,0.022709333896636964,0.018613332509994508,1.2202865655671935,18.05203562695977,4.100267092386881,5,1,False,"[3, 0, 2, 0]","[0, 3, 0, 2]",adopted,results_b300/mma64_step4.dh9ZC8/probe/samples.json
s5_permit,5,2048,baseline,early_release,5,0.045227734247843425,0.0334549347559611,1.3519002376707554,26.030044811372978,11.772799491882328,5,2,False,"[1, 0, 1, 0, 2, 0, 1, 0]","[0, 1, 0, 2, 0, 2, 0, 0]",adopted,results_b300/step45_probe.PS9CFi/probe/samples.json
s5_mma_wait,5,1024,baseline,mma_wait_64ns,5,0.01651520033677419,0.014513066411018372,1.1372188774420948,12.066180061197752,1.9914666811625144,5,2,False,"[0, 1, 0, 1, 0, 2, 0, 1, 0, 0]","[0, 1, 0, 1, 0, 1, 0, 1, 0, 1]",adopted,results_b300/wait1024.UP24Tv/probe/samples.json
s5_poll,5,1024,baseline,wait_poll,5,0.01651520033677419,0.01708266735076904,0.9674137092034019,-3.3683924970869583,-0.5567997694015531,0,2,False,"[0, 1, 0, 1, 0, 2, 0, 1, 0, 0]","[0, 0, 0, 2, 0, 2, 0, 1, 0, 0]",not_adopted,results_b300/wait1024.UP24Tv/probe/samples.json
s6_k128,6,4096,baseline,k_tile_128,5,0.31614507039388023,0.24921706517537434,1.267565218522313,21.10859580339637,66.72213872273767,5,1,False,"[2, 0, 1, 0, 0, 0, 0, 1, 0, 1, 0]","[0, 2, 0, 0, 0, 0, 0, 0, 1, 0, 2]",adopted,results_b300/persistent_probe.VB42kg/probe/samples.json
s6_fence,6,4096,baseline,final_fence,5,0.31614507039388023,0.31405760447184244,1.0066467612702719,0.6602873546112997,2.08746592203779,5,1,False,"[2, 0, 1, 0, 0, 0, 0, 1, 0, 1, 0]","[0, 1, 0, 1, 0, 0, 0, 0, 1, 0, 2]",not_adopted,results_b300/persistent_probe.VB42kg/probe/samples.json
s7_k128,7,4096,baseline,k_tile_128,5,0.30940478642781577,0.21903467178344727,1.4125836056389949,29.20773000564162,90.3701146443685,5,2,False,"[1, 0, 1, 0, 1, 0, 0, 1, 0, 1, 0]","[0, 1, 0, 1, 0, 1, 1, 0, 1, 0, 0]",adopted,results_b300/persistent_probe.VB42kg/probe/samples.json
s7_epi128,7,4096,baseline,epilogue_128,5,0.30940478642781577,0.3108864148457845,0.9948757886507883,-0.515060413336732,-1.5936215718587166,0,2,False,"[1, 0, 1, 0, 1, 0, 0, 1, 0, 1, 0]","[0, 0, 0, 1, 1, 1, 1, 1, 0, 0, 0]",not_adopted,results_b300/persistent_probe.VB42kg/probe/samples.json
s8_tma_wait,8,2048,baseline,tma_wait_64ns,5,0.029859199126561483,0.029244800408681233,1.018371597697931,1.8040170935109345,0.538665056228637,5,2,False,"[2, 1, 2]","[1, 2, 2]",adopted,results_b300/step810_probe.Wl6HTg/step08/samples.json
s8_cache,8,2048,baseline,cache_tmem_base,5,0.02949120004971822,0.028849067290623982,1.0243793954871125,2.379918572602646,0.7018665472666441,4,2,False,"[2, 1, 2]","[1, 2, 2]",adopted,results_b300/profile_guided.6KUfDZ/step08/samples.json
s9_cache4096,9,4096,baseline,cluster_cache_tmem_base,7,0.144268798828125,0.14246187210083008,1.0124519971601118,1.2298851891288876,1.7749309539794866,7,3,False,"[4, 3]","[3, 4]",adopted,results_b300/step9_cache.EWrE9G/step9_4096/samples.json
s9_cache8192,9,8192,baseline,cluster_cache_tmem_base,7,0.9124287923177083,0.8950602849324544,1.0199532432371727,1.9562899936318767,17.734400431315134,7,3,False,"[4, 3]","[3, 4]",adopted,results_b300/step9_cache.BBJEQB/step9_8192/samples.json
s10_cache,10,4096,baseline,cache_tmem_base,5,0.14230507214864094,0.1406559944152832,1.0104849755466427,1.0376181536960183,1.4720122019449833,5,1,False,"[2, 1, 1, 1, 0]","[0, 2, 1, 0, 2]",adopted,results_b300/profile_guided.6KUfDZ/step10/samples.json
s10_balance,10,4096,cache_tmem_base,cache_balanced_clusters,5,0.13963200251261393,0.13791786829630534,1.0122121579001058,1.206482040824386,1.6821384429931696,5,3,False,"[0, 3, 0, 2]","[2, 0, 3, 0]",adopted,results_b300/step10_fused_a.1VXYz2/step10/samples.json
s10_fused_a,10,4096,cache_balanced_clusters,balanced_fused_a,5,0.13791786829630534,0.13832106590270996,0.9959662729018999,-0.40500639508076475,-0.5578676859537834,0,1,False,"[2, 0, 3, 0]","[0, 2, 0, 3]",not_adopted,results_b300/step10_fused_a.1VXYz2/step10/samples.json
s10_b_first,10,4096,baseline,tma_b_first,5,0.1383562723795573,0.13789119720458984,1.0046866721863799,0.4664809752259247,0.6495952606201394,5,3,False,"[2, 1, 2]","[2, 2, 1]",adopted,results_b300/step10_roles.rx5lNL/step10/samples.json
s10_n128_1024,10,1024,baseline,n128_epi32,7,0.02738879919052124,0.018566399812698364,1.4750446083796676,32.20544013929876,8.822401364644367,7,3,False,"[4, 0, 3, 0]","[3, 0, 4, 0]",adopted_for_shape,results_b300/step10_tmem_sizes.I9nGIJ/step10_1024/samples.json
s10_n128_2048,10,2048,baseline,n128_epi32,7,0.043304534753163655,0.027029333511988322,1.606505511611957,37.7530924872703,16.348801056543984,7,3,False,"[4, 0, 3, 0]","[3, 0, 4, 0]",adopted_for_shape,results_b300/step10_tmem_sizes.I9nGIJ/step10_2048/samples.json
s10_n128_only4096,10,4096,baseline,n_tile_128,7,0.13812905947367352,0.14020907084147136,0.9836315386460213,-1.6640846405260756,-2.2954781850179073,0,1,False,"[4, 0, 3, 0]","[0, 3, 0, 4]",not_adopted_alone,results_b300/step10_tmem_sizes.I9nGIJ/step10_4096/samples.json
s10_epi32_4096,10,4096,n_tile_128,n128_epi32,7,0.14020907084147136,0.13886079788208008,1.0109130485199473,1.079523954698658,1.5168031056722042,7,5,False,"[0, 3, 0, 4]","[3, 0, 4, 0]",adopted_in_combination,results_b300/step10_tmem_sizes.I9nGIJ/step10_4096/samples.json
s10_double4096,10,4096,n128_epi32,n128_tmem_double_buffer,7,0.13886079788208008,0.13742186228434244,1.0096524784787273,0.9560198864931313,1.3301372528076172,7,2,False,"[3, 0, 4, 0]","[0, 4, 0, 3]",adopted_for_shape,results_b300/step10_tmem_sizes.I9nGIJ/step10_4096/samples.json
s10_combined4096,10,4096,baseline,n128_tmem_double_buffer,7,0.13812905947367352,0.13742186228434244,1.004499037497489,0.4478886817748884,0.6186644236246819,7,2,False,"[4, 0, 3, 0]","[0, 4, 0, 3]",adopted_for_shape,results_b300/step10_tmem_sizes.I9nGIJ/step10_4096/samples.json
s10_combined8192,10,8192,baseline,n128_tmem_double_buffer,7,0.8685429255167644,0.9025215784708659,0.962622196867352,-3.8829151513736226,-33.72478485107422,0,2,False,"[4, 0, 3, 0]","[0, 4, 0, 3]",not_adopted_for_shape,results_b300/step10_tmem_sizes.I9nGIJ/step10_8192/samples.json
s10_k64_depth2,10,4096,baseline,tmem_input_depth2,7,0.13923840522766112,0.2241045316060384,0.6205422468677774,-61.14938266452565,-85.23734410603839,0,1,False,"[4, 0, 3, 0]","[0, 3, 0, 4]",not_adopted,results_b300/step10_input_ring.9SsKZM/step10/samples.json
s10_k128_depth2,10,4096,baseline,tmem_k128_depth2,7,0.13923840522766112,0.16675519943237305,0.834347218131543,-19.85417800510245,-27.623462677001942,0,3,False,"[4, 0, 3, 0]","[3, 0, 4, 0]",not_adopted,results_b300/step10_input_ring.9SsKZM/step10/samples.json
s10_depth5,10,4096,baseline,tmem_input_depth5,8,0.13904159863789878,0.13868906497955322,1.0031392152091916,0.3129385683454611,0.43520132700602954,8,4,True,"[4, 4]","[4, 4]",candidate_not_adopted,results_b300/step10_depth5_balanced.Fm3CcJ/step10_4096/samples.json
s10_l2_4,10,4096,baseline,tmem_l2_group4,8,0.13912479877471923,0.1400912046432495,0.993604176287315,-0.643742253014068,-0.8954683939615959,0,4,True,"[2, 2, 2, 2]","[2, 2, 2, 2]",not_adopted,results_b300/step10_l2.nqNoLW/step10_4096/samples.json
s10_l2_2,10,4096,baseline,tmem_l2_group2,8,0.13912479877471923,0.13997492790222166,0.994570796887665,-0.5458871023330647,-0.7594664891560909,0,4,True,"[2, 2, 2, 2]","[2, 2, 2, 2]",not_adopted,results_b300/step10_l2.nqNoLW/step10_4096/samples.json
s10_l2_1,10,4096,baseline,tmem_l2_group1,8,0.13912479877471923,0.1397168000539144,0.9959123888688042,-0.4104920657469924,-0.5712032318115207,2,4,True,"[2, 2, 2, 2]","[2, 2, 2, 2]",not_adopted,results_b300/step10_l2.nqNoLW/step10_4096/samples.json
s10_maxclusters,10,4096,baseline,tmem_max_clusters,8,0.1090005358060201,0.11373120148976644,0.9546769301761477,-4.748472397943404,-5.2048007647196375,0,4,True,"[2, 2, 2, 2]","[2, 2, 2, 2]",not_adopted,results_b300/step10_geometry.PywrmG/step10_4096/samples.json
s10_n64,10,4096,tmem_max_clusters,tmem_n64,8,0.11373120148976644,0.14777066707611086,0.7758708150159478,-28.887984931084898,-33.13920100529988,0,4,True,"[2, 2, 2, 2]","[2, 2, 2, 2]",not_adopted,results_b300/step10_geometry.PywrmG/step10_4096/samples.json
s10_n64depth5,10,4096,tmem_n64,tmem_n64_depth5,8,0.14777066707611086,0.13539466857910154,1.0989892806354982,9.007206969288628,12.375998497009295,8,4,True,"[2, 2, 2, 2]","[2, 2, 2, 2]",not_adopted,results_b300/step10_geometry.PywrmG/step10_4096/samples.json
s10_n64depth5_total,10,4096,baseline,tmem_n64_depth5,8,0.1090005358060201,0.13539466857910154,0.8050645502784044,-24.217168819903065,-24.939203262329094,0,4,True,"[2, 2, 2, 2]","[2, 2, 2, 2]",not_adopted,results_b300/step10_geometry.PywrmG/step10_4096/samples.json
s10_batch_fixed,10,4096,mma_unroll4,mma_batch_unroll4,5,0.1383519967397054,0.13834346135457357,0.9982067644098755,-0.17964570608621777,-0.2485434214274107,2,3,False,"[1, 2, 2]","[2, 2, 1]",not_adopted,results_b300/step10_mma_unroll4.iR07fS/step10/samples.json
s10_shared_a,10,4096,tmem_input_depth5,tmem_share_a_depth5,201,0.1128223975499471,0.1120031992594401,1.0043712125707454,0.43521882308403814,0.4906654357910156,179,150,False,"[0, 101, 0, 100]","[100, 0, 101, 0]",candidate_not_adopted,results_b300/step10_share_a_state.fGOjDy/step10/samples.json
s10_epi64,10,4096,baseline,tmem_epi64,8,0.13920533657073975,0.1414517323176066,0.9841190587919741,-1.6137256701026947,-2.2463957468668583,0,4,True,"[2, 2, 2, 2]","[2, 2, 2, 2]",not_adopted,results_b300/step10_epilogue.xVWC2d/step10_4096/samples.json
s10_epi128,10,4096,baseline,tmem_epi128,8,0.13920533657073975,0.1433904012044271,0.9710835001100937,-2.9777789744475314,-4.149333635965979,0,4,True,"[2, 2, 2, 2]","[2, 2, 2, 2]",not_adopted,results_b300/step10_epilogue.xVWC2d/step10_4096/samples.json
s10_epi32_double,10,4096,baseline,tmem_epi32_double,8,0.13920533657073975,0.1407871961593628,0.9889199870419445,-1.1204432172741141,-1.5599886576334598,0,4,True,"[2, 2, 2, 2]","[2, 2, 2, 2]",not_adopted,results_b300/step10_epilogue.xVWC2d/step10_4096/samples.json
s10_split_ready,10,4096,baseline,tmem_split_ready,8,0.1390175978342692,0.13897279898325604,1.000491993204359,0.04916704008766093,0.06826718648275665,5,4,True,"[4, 4]","[4, 4]",not_adopted,results_b300/step10_ready.FAnkEQ/step10_4096/samples.json
s10_input_sw64,10,4096,baseline,tmem_k64_sw64,8,0.1389562686284383,0.17813119888305665,0.7803065672614691,-28.154758956019844,-39.13013935089111,0,4,True,"[2, 2, 2, 2]","[2, 2, 2, 2]",not_adopted,results_b300/step10_granularity.nVKp6r/step10_4096/samples.json
s10_k32depth8,10,4096,tmem_k64_sw64,tmem_k32_depth8,8,0.17813119888305665,0.17819679578145345,0.9989260115531142,-0.10758218298266842,-0.1914580663045229,3,4,True,"[2, 2, 2, 2]","[2, 2, 2, 2]",not_adopted,results_b300/step10_granularity.nVKp6r/step10_4096/samples.json
s10_k32depth8_total,10,4096,baseline,tmem_k32_depth8,8,0.1389562686284383,0.17819679578145345,0.7796420455073856,-28.264033876403015,-39.2746607462565,0,4,True,"[2, 2, 2, 2]","[2, 2, 2, 2]",not_adopted,results_b300/step10_granularity.nVKp6r/step10_4096/samples.json
s10_k32depth10,10,4096,tmem_k32_depth8,tmem_k32_depth10,8,0.17819679578145345,0.1790437380472819,0.9954112288342265,-0.46114844837280566,-0.8218685785929408,1,4,True,"[2, 2, 2, 2]","[2, 2, 2, 2]",not_adopted,results_b300/step10_granularity.nVKp6r/step10_4096/samples.json
s10_k32depth10_total,10,4096,baseline,tmem_k32_depth10,8,0.1389562686284383,0.1790437380472819,0.7769014212306191,-28.716488141198205,-39.94720776875814,0,4,True,"[2, 2, 2, 2]","[2, 2, 2, 2]",not_adopted,results_b300/step10_granularity.nVKp6r/step10_4096/samples.json
