metric,value,unit
c2clink__enabled_mask,0,
c2clink__present,0,
derived__local_spilling_requests,0,
derived__local_spilling_requests_pct,no data,%
derived__pct_occupancy_per_barrier_count,1170,
derived__pct_occupancy_per_block_size,233.000000,%
derived__pct_occupancy_per_register_count,3042.000000,%/register
derived__pct_occupancy_per_shared_mem_size,8.190000,%/Kbyte
derived_tempMetric0,78000,
device__attribute_architecture,416,
device__attribute_async_engine_count,4,
device__attribute_can_flush_remote_writes,0,
device__attribute_can_map_host_memory,1,
device__attribute_can_tex2d_gather,1,
device__attribute_can_use_64_bit_stream_mem_ops,1,
device__attribute_can_use_64_bit_stream_mem_ops_v1,0,
device__attribute_can_use_host_pointer_for_registered_mem,1,
device__attribute_can_use_stream_mem_ops_v1,0,
device__attribute_can_use_stream_wait_value_nor,1,
device__attribute_can_use_stream_wait_value_nor_v1,0,
device__attribute_chip,419,
device__attribute_clock_rate,2032000,
device__attribute_cluster_launch,1,
device__attribute_compute_capability_major,10,
device__attribute_compute_capability_minor,3,
device__attribute_compute_mode,0,
device__attribute_compute_preemption_supported,1,
device__attribute_concurrent_kernels,1,
device__attribute_concurrent_managed_access,1,
device__attribute_confidential_computing_mode,No-CC,
device__attribute_cooperative_launch,1,
device__attribute_cooperative_multi_device_launch,1,
device__attribute_deferred_mapping_cuda_array_supported,1,
device__attribute_device_index,0,
device__attribute_direct_managed_mem_access_from_host,0,
device__attribute_display_name,NVIDIA B300 SXM6 AC,
device__attribute_dma_buf_supported,1,
device__attribute_ecc_enabled,1,
device__attribute_fb_bus_width,7680,
device__attribute_fbp_count,16,
device__attribute_generic_compression_supported,1,
device__attribute_global_l1_cache_supported,1,
device__attribute_global_memory_bus_width,7680,
device__attribute_gpu_direct_rdma_flush_writes_options,1,
device__attribute_gpu_direct_rdma_supported,1,
device__attribute_gpu_direct_rdma_with_cuda_vmm_supported,1,
device__attribute_gpu_direct_rdma_writes_ordering,100,
device__attribute_gpu_overlap,1,
device__attribute_gpu_pci_device_id,830607582,
device__attribute_gpu_pci_ext_device_id,12674,
device__attribute_gpu_pci_ext_downstream_link_rate,16000,
device__attribute_gpu_pci_ext_downstream_link_width,32,
device__attribute_gpu_pci_ext_gen,5,
device__attribute_gpu_pci_ext_gpu_gen,5,
device__attribute_gpu_pci_ext_gpu_link_rate,64000,
device__attribute_gpu_pci_ext_gpu_link_width,16,
device__attribute_gpu_pci_revision_id,161,
device__attribute_gpu_pci_sub_system_id,551948510,
device__attribute_handle_type_fabric_supported,1,
device__attribute_handle_type_posix_file_descriptor_supported,1,
device__attribute_handle_type_win32_handle_supported,0,
device__attribute_handle_type_win32_kmt_handle_supported,0,
device__attribute_host_native_atomic_supported,0,
device__attribute_host_numa_id,0,
device__attribute_host_register_supported,1,
device__attribute_implementation,419,
device__attribute_integrated,0,
device__attribute_ipc_event_supported,1,
device__attribute_kernel_exec_timeout,0,
device__attribute_l2_cache_size,132644864,
device__attribute_l2s_count,192,
device__attribute_limits_max_cta_per_sm,32,
device__attribute_limits_num_tpcs,74,
device__attribute_local_l1_cache_supported,1,
device__attribute_managed_memory,1,
device__attribute_max_access_policy_window_size,134217728,
device__attribute_max_block_dim_x,1024,
device__attribute_max_block_dim_y,1024,
device__attribute_max_block_dim_z,64,
device__attribute_max_blocks_per_multiprocessor,32,
device__attribute_max_gpu_frequency_khz,2032000,
device__attribute_max_grid_dim_x,2147483647,
device__attribute_max_grid_dim_y,65535,
device__attribute_max_grid_dim_z,65535,
device__attribute_max_ipc_per_multiprocessor,4,
device__attribute_max_ipc_per_scheduler,1,
device__attribute_max_mem_frequency_khz,3996000,
device__attribute_max_persisting_l2_cache_size,82903040,
device__attribute_max_pitch,2147483647,
device__attribute_max_registers_per_block,65536,
device__attribute_max_registers_per_multiprocessor,65536,
device__attribute_max_registers_per_thread,255,
device__attribute_max_shared_memory_per_block,49152,
device__attribute_max_shared_memory_per_block_optin,232448,
device__attribute_max_shared_memory_per_multiprocessor,233472,
device__attribute_max_threads_per_block,1024,
device__attribute_max_threads_per_multiprocessor,2048,
device__attribute_max_warps_per_multiprocessor,64,
device__attribute_max_warps_per_scheduler,16,
device__attribute_maximum_surface1d_layered_layers,2048,
device__attribute_maximum_surface1d_layered_width,32768,
device__attribute_maximum_surface1d_width,32768,
device__attribute_maximum_surface2d_height,65536,
device__attribute_maximum_surface2d_layered_height,32768,
device__attribute_maximum_surface2d_layered_layers,2048,
device__attribute_maximum_surface2d_layered_width,32768,
device__attribute_maximum_surface2d_width,131072,
device__attribute_maximum_surface3d_depth,16384,
device__attribute_maximum_surface3d_height,16384,
device__attribute_maximum_surface3d_width,16384,
device__attribute_maximum_surfacecubemap_layered_layers,2046,
device__attribute_maximum_surfacecubemap_layered_width,32768,
device__attribute_maximum_surfacecubemap_width,32768,
device__attribute_maximum_texture1d_layered_layers,2048,
device__attribute_maximum_texture1d_layered_width,32768,
device__attribute_maximum_texture1d_linear_width,268435456,
device__attribute_maximum_texture1d_mipmapped_width,32768,
device__attribute_maximum_texture1d_width,131072,
device__attribute_maximum_texture2d_gather_height,32768,
device__attribute_maximum_texture2d_gather_width,32768,
device__attribute_maximum_texture2d_height,65536,
device__attribute_maximum_texture2d_layered_height,32768,
device__attribute_maximum_texture2d_layered_layers,2048,
device__attribute_maximum_texture2d_layered_width,32768,
device__attribute_maximum_texture2d_linear_height,65000,
device__attribute_maximum_texture2d_linear_pitch,2097120,
device__attribute_maximum_texture2d_linear_width,131072,
device__attribute_maximum_texture2d_mipmapped_height,32768,
device__attribute_maximum_texture2d_mipmapped_width,32768,
device__attribute_maximum_texture2d_width,131072,
device__attribute_maximum_texture3d_depth,16384,
device__attribute_maximum_texture3d_depth_alternate,32768,
device__attribute_maximum_texture3d_height,16384,
device__attribute_maximum_texture3d_height_alternate,8192,
device__attribute_maximum_texture3d_width,16384,
device__attribute_maximum_texture3d_width_alternate,8192,
device__attribute_maximum_texturecubemap_layered_layers,2046,
device__attribute_maximum_texturecubemap_layered_width,32768,
device__attribute_maximum_texturecubemap_width,32768,
device__attribute_mem_sync_domain_count,4,
device__attribute_memory_clock_rate,3996000,
device__attribute_memory_pools_supported,1,
device__attribute_mempool_supported_handle_types,9,
device__attribute_mps_enabled,0,
device__attribute_multi_gpu_board,0,
device__attribute_multi_gpu_board_group_id,0,
device__attribute_multicast_supported,1,
device__attribute_multiprocessor_count,148,
device__attribute_num_l2s_per_fbp,12,
device__attribute_num_schedulers_per_multiprocessor,4,
device__attribute_num_tex_per_multiprocessor,1,
device__attribute_numa_config,0,
device__attribute_pageable_memory_access,1,
device__attribute_pageable_memory_access_uses_host_page_tables,0,
device__attribute_pci_bus_id,6,
device__attribute_pci_device_id,0,
device__attribute_pci_domain_id,0,
device__attribute_ram_location,1,
device__attribute_ram_type,0,
device__attribute_reserved_shared_memory_per_block,1024,
device__attribute_sass_level,10,
device__attribute_single_to_double_precision_perf_ratio,64,
device__attribute_sparse_cuda_array_supported,1,
device__attribute_stream_priorities_supported,1,
device__attribute_surface_alignment,512,
device__attribute_tcc_driver,0,
device__attribute_tensor_map_access_supported,1,
device__attribute_texture_alignment,512,
device__attribute_texture_pitch_alignment,32,
device__attribute_total_constant_memory,65536,
device__attribute_total_memory,287428640768,
device__attribute_unified_addressing,1,
device__attribute_unified_function_pointers,1,
device__attribute_virtual_address_management_supported,1,
device__attribute_warp_size,32,
dram__bytes.avg.per_second,12.866298,Gbyte/s
dram__bytes.max.per_second,14.232044,Gbyte/s
dram__bytes.min.per_second,5.210166,Gbyte/s
dram__bytes.sum.per_second,823.443094,Gbyte/s
dram__cycles_active.avg.pct_of_peak_sustained_elapsed,10.734518,%
dram__cycles_active.max.pct_of_peak_sustained_elapsed,11.131854,%
dram__cycles_active.min.pct_of_peak_sustained_elapsed,8.150453,%
dram__cycles_active.sum.pct_of_peak_sustained_elapsed,10.734518,%
dram__cycles_elapsed.avg.per_second,3.995304,Ghz
dram__cycles_elapsed.max.per_second,3.995580,Ghz
dram__cycles_elapsed.min.per_second,3.993812,Ghz
dram__cycles_elapsed.sum.per_second,255.699448,Ghz
fbpa__dram_sectors.avg.pct_of_peak_sustained_elapsed,9.348169,%
fbpa__dram_sectors.max.pct_of_peak_sustained_elapsed,9.653245,%
fbpa__dram_sectors.min.pct_of_peak_sustained_elapsed,8.593507,%
fbpa__dram_sectors.sum.pct_of_peak_sustained_elapsed,9.348169,%
gpc__cycles_elapsed.avg,150613.750000,cycle
gpc__cycles_elapsed.avg.per_second,1.040150,Ghz
gpc__cycles_elapsed.max,153448.000000,cycle
gpc__cycles_elapsed.max.per_second,1.059724,Ghz
gpc__cycles_elapsed.min,147709.000000,cycle
gpc__cycles_elapsed.min.per_second,1.020090,Ghz
gpc__cycles_elapsed.sum,1204910.000000,cycle
gpc__cycles_elapsed.sum.per_second,8.321202,Ghz
gpu__compute_memory_access_throughput.avg.pct_of_peak_sustained_elapsed,19.495862,%
gpu__compute_memory_access_throughput.max.pct_of_peak_sustained_elapsed,22.542101,%
gpu__compute_memory_access_throughput.min.pct_of_peak_sustained_elapsed,8.616388,%
gpu__compute_memory_access_throughput.sum.pct_of_peak_sustained_elapsed,19.495862,%
gpu__compute_memory_access_throughput_internal_activity.avg.pct_of_peak_sustained_elapsed,15.464597,%
gpu__compute_memory_access_throughput_internal_activity.max.pct_of_peak_sustained_elapsed,16.218950,%
gpu__compute_memory_access_throughput_internal_activity.min.pct_of_peak_sustained_elapsed,6.893110,%
gpu__compute_memory_access_throughput_internal_activity.sum.pct_of_peak_sustained_elapsed,15.464597,%
gpu__compute_memory_request_throughput.avg.pct_of_peak_sustained_elapsed,33.820740,%
gpu__compute_memory_request_throughput.max.pct_of_peak_sustained_elapsed,40.422308,%
gpu__compute_memory_request_throughput.min.pct_of_peak_sustained_elapsed,11.810277,%
gpu__compute_memory_request_throughput.sum.pct_of_peak_sustained_elapsed,33.820740,%
gpu__compute_memory_request_throughput_internal_activity.avg.pct_of_peak_sustained_elapsed,0.080516,%
gpu__compute_memory_request_throughput_internal_activity.max.pct_of_peak_sustained_elapsed,0.097941,%
gpu__compute_memory_request_throughput_internal_activity.min.pct_of_peak_sustained_elapsed,0.072886,%
gpu__compute_memory_request_throughput_internal_activity.sum.pct_of_peak_sustained_elapsed,0.080516,%
gpu__compute_memory_throughput.avg.pct_of_peak_sustained_elapsed,33.820740,%
gpu__compute_memory_throughput.max.pct_of_peak_sustained_elapsed,40.422308,%
gpu__compute_memory_throughput.min.pct_of_peak_sustained_elapsed,11.810277,%
gpu__compute_memory_throughput.sum.pct_of_peak_sustained_elapsed,33.820740,%
gpu__dram_throughput.avg.pct_of_peak_sustained_elapsed,10.734518,%
gpu__dram_throughput.max.pct_of_peak_sustained_elapsed,11.131854,%
gpu__dram_throughput.min.pct_of_peak_sustained_elapsed,8.593507,%
gpu__dram_throughput.sum.pct_of_peak_sustained_elapsed,10.734518,%
gpu__time_duration.avg,144.800000,us
gpu__time_duration.max,144.800000,us
gpu__time_duration.min,144.800000,us
gpu__time_duration.sum,144.800000,us
gr__workids_granted.avg,0,
gr__workids_granted.max,0,
gr__workids_granted.min,0,
gr__workids_granted.sum,0,
gr__workids_granted_as_ctas.avg,0,block
gr__workids_granted_as_ctas.max,0,block
gr__workids_granted_as_ctas.min,0,block
gr__workids_granted_as_ctas.sum,0,block
gr__workids_requested.avg,0,
gr__workids_requested.max,0,
gr__workids_requested.min,0,
gr__workids_requested.sum,0,
idc__request_cycles_active.avg.pct_of_peak_sustained_elapsed,0.044999,%
idc__request_cycles_active.max.pct_of_peak_sustained_elapsed,0.053365,%
idc__request_cycles_active.min.pct_of_peak_sustained_elapsed,0,%
idc__request_cycles_active.sum.pct_of_peak_sustained_elapsed,0.044999,%
inst_executed,3319917,inst
l1tex__data_bank_reads.avg.pct_of_peak_sustained_elapsed,19.495862,%
l1tex__data_bank_reads.max.pct_of_peak_sustained_elapsed,22.542101,%
l1tex__data_bank_reads.min.pct_of_peak_sustained_elapsed,0,%
l1tex__data_bank_reads.sum.pct_of_peak_sustained_elapsed,19.495862,%
l1tex__data_bank_writes.avg.pct_of_peak_sustained_elapsed,14.769449,%
l1tex__data_bank_writes.max.pct_of_peak_sustained_elapsed,17.077175,%
l1tex__data_bank_writes.min.pct_of_peak_sustained_elapsed,0,%
l1tex__data_bank_writes.sum.pct_of_peak_sustained_elapsed,14.769449,%
l1tex__data_pipe_lsu_wavefronts.avg.pct_of_peak_sustained_elapsed,1.791034,%
l1tex__data_pipe_lsu_wavefronts.max.pct_of_peak_sustained_elapsed,2.203289,%
l1tex__data_pipe_lsu_wavefronts.min.pct_of_peak_sustained_elapsed,0,%
l1tex__data_pipe_lsu_wavefronts.sum.pct_of_peak_sustained_elapsed,1.791034,%
l1tex__data_pipe_tex_wavefronts.avg.pct_of_peak_sustained_elapsed,0,%
l1tex__data_pipe_tex_wavefronts.max.pct_of_peak_sustained_elapsed,0,%
l1tex__data_pipe_tex_wavefronts.min.pct_of_peak_sustained_elapsed,0,%
l1tex__data_pipe_tex_wavefronts.sum.pct_of_peak_sustained_elapsed,0,%
l1tex__f_wavefronts.avg.pct_of_peak_sustained_elapsed,0,%
l1tex__f_wavefronts.max.pct_of_peak_sustained_elapsed,0,%
l1tex__f_wavefronts.min.pct_of_peak_sustained_elapsed,0,%
l1tex__f_wavefronts.sum.pct_of_peak_sustained_elapsed,0,%
l1tex__lsu_writeback_active.avg.pct_of_peak_sustained_elapsed,0.049326,%
l1tex__lsu_writeback_active.max.pct_of_peak_sustained_elapsed,0.057367,%
l1tex__lsu_writeback_active.min.pct_of_peak_sustained_elapsed,0,%
l1tex__lsu_writeback_active.sum.pct_of_peak_sustained_elapsed,0.049326,%
l1tex__lsuin_requests.avg.pct_of_peak_sustained_elapsed,0.477685,%
l1tex__lsuin_requests.max.pct_of_peak_sustained_elapsed,0.552323,%
l1tex__lsuin_requests.min.pct_of_peak_sustained_elapsed,0,%
l1tex__lsuin_requests.sum.pct_of_peak_sustained_elapsed,0.477685,%
l1tex__m_l1tex2xbar_req_cycles_active.avg.pct_of_peak_sustained_elapsed,33.820740,%
l1tex__m_l1tex2xbar_req_cycles_active.max.pct_of_peak_sustained_elapsed,40.422308,%
l1tex__m_l1tex2xbar_req_cycles_active.min.pct_of_peak_sustained_elapsed,0.001334,%
l1tex__m_l1tex2xbar_req_cycles_active.sum.pct_of_peak_sustained_elapsed,33.820740,%
l1tex__m_xbar2l1tex_read_sectors.avg.pct_of_peak_sustained_elapsed,28.356549,%
l1tex__m_xbar2l1tex_read_sectors.max.pct_of_peak_sustained_elapsed,32.787343,%
l1tex__m_xbar2l1tex_read_sectors.min.pct_of_peak_sustained_elapsed,0,%
l1tex__m_xbar2l1tex_read_sectors.sum.pct_of_peak_sustained_elapsed,28.356549,%
l1tex__m_xbar2l1tex_read_sectors_mem_dshared.avg.pct_of_peak_sustained_elapsed,0.000288,%
l1tex__m_xbar2l1tex_read_sectors_mem_dshared.max.pct_of_peak_sustained_elapsed,0.000667,%
l1tex__m_xbar2l1tex_read_sectors_mem_dshared.min.pct_of_peak_sustained_elapsed,0,%
l1tex__m_xbar2l1tex_read_sectors_mem_dshared.sum.pct_of_peak_sustained_elapsed,0.000288,%
l1tex__t_sector_hit_rate.pct,0,%
l1tex__tex_writeback_active.avg.pct_of_peak_sustained_elapsed,0,%
l1tex__tex_writeback_active.max.pct_of_peak_sustained_elapsed,0,%
l1tex__tex_writeback_active.min.pct_of_peak_sustained_elapsed,0,%
l1tex__tex_writeback_active.sum.pct_of_peak_sustained_elapsed,0,%
l1tex__texin_sm2tex_req_cycles_active.avg.pct_of_peak_sustained_elapsed,0.042088,%
l1tex__texin_sm2tex_req_cycles_active.max.pct_of_peak_sustained_elapsed,0.052030,%
l1tex__texin_sm2tex_req_cycles_active.min.pct_of_peak_sustained_elapsed,0.004669,%
l1tex__texin_sm2tex_req_cycles_active.sum.pct_of_peak_sustained_elapsed,0.042088,%
l1tex__throughput.avg.pct_of_peak_sustained_active,45.882344,%
l1tex__throughput.max.pct_of_peak_sustained_active,53.051461,%
l1tex__throughput.min.pct_of_peak_sustained_active,0.005667,%
l1tex__throughput.sum.pct_of_peak_sustained_active,45.882344,%
l1tex__tmain_requests.avg.pct_of_peak_sustained_elapsed,0.239996,%
l1tex__tmain_requests.max.pct_of_peak_sustained_elapsed,0.277496,%
l1tex__tmain_requests.min.pct_of_peak_sustained_elapsed,0,%
l1tex__tmain_requests.sum.pct_of_peak_sustained_elapsed,0.239996,%
launch__barrier_count,16,
launch__block_dim_x,384,block
launch__block_dim_y,1,block
launch__block_dim_z,1,block
launch__block_size,384,
launch__cluster_dim_x,2,
launch__cluster_dim_y,1,
launch__cluster_dim_z,1,
launch__cluster_max_active,74,cluster
launch__cluster_max_potential_size,8,block
launch__cluster_scheduling_policy,PolicySpread,
launch__cluster_size,2,
launch__context_id,1,
launch__device_id,0,
launch__func_cache_config,CachePreferNone,
launch__function_pcs,1,
launch__grid_dim_x,128,
launch__grid_dim_y,1,
launch__grid_dim_z,1,
launch__grid_size,128,
launch__kernel_name,,
launch__occupancy_cluster_gpu_pct,0.585938,%
launch__occupancy_cluster_pct,3.125000,%
launch__occupancy_limit_barriers,4.000000,block
launch__occupancy_limit_blocks,32.000000,block
launch__occupancy_limit_registers,1.000000,block
launch__occupancy_limit_shared_mem,1.000000,block
launch__occupancy_limit_warps,5.000000,block
launch__occupancy_per_barrier_count,780,
launch__occupancy_per_block_size,157,
launch__occupancy_per_cluster_size,378,
launch__occupancy_per_register_count,2028,
launch__occupancy_per_shared_mem_size,5460,
launch__persisting_l2_cache_size,24.870912,Mbyte
launch__preferred_cluster_dim_x,0,
launch__preferred_cluster_dim_y,0,
launch__preferred_cluster_dim_z,0,
launch__preferred_cluster_size,0,
launch__registers_per_thread,167,register/thread
launch__registers_per_thread_allocated,168.000000,register/thread
launch__shared_mem_config_size,233.472000,Kbyte
launch__shared_mem_per_block,231.424000,Kbyte/block
launch__shared_mem_per_block_allocated,231.424000,Kbyte/block
launch__shared_mem_per_block_driver,1.024000,Kbyte/block
launch__shared_mem_per_block_dynamic,230.400000,Kbyte/block
launch__shared_mem_per_block_static,0,byte/block
launch__sm_count,148,SM
launch__stack_size,1024,
launch__stream_id,7,
launch__thread_count,49152,thread
launch__tpc_count,74,
launch__tpc_enabled,all,
launch__uses_cdp,0,
launch__uses_green_context,0,
launch__uses_mps,0,
launch__uses_nvlink_centric_scheduling,0,
launch__uses_vgpu,0,
launch__waves_per_multiprocessor,0.86,
lrc__average_ilc_input_sector_success_rate.pct,0,%
lrc__average_ilc_output_sector_compression_achieved_rate.pct,0,%
lrc__ilc_input_sectors.sum,1050813.000000,sector
lts__d_atomic_input_cycles_active.avg.pct_of_peak_sustained_elapsed,0,%
lts__d_atomic_input_cycles_active.max.pct_of_peak_sustained_elapsed,0,%
lts__d_atomic_input_cycles_active.min.pct_of_peak_sustained_elapsed,0,%
lts__d_atomic_input_cycles_active.sum.pct_of_peak_sustained_elapsed,0,%
lts__d_decomp_input_sectors.avg.pct_of_peak_sustained_elapsed,0,%
lts__d_decomp_input_sectors.max.pct_of_peak_sustained_elapsed,0,%
lts__d_decomp_input_sectors.min.pct_of_peak_sustained_elapsed,0,%
lts__d_decomp_input_sectors.sum.pct_of_peak_sustained_elapsed,0,%
lts__d_sectors.avg.pct_of_peak_sustained_elapsed,17.502534,%
lts__d_sectors.max.pct_of_peak_sustained_elapsed,18.415045,%
lts__d_sectors.min.pct_of_peak_sustained_elapsed,6.860596,%
lts__d_sectors.sum.pct_of_peak_sustained_elapsed,17.502534,%
lts__d_sectors_fill_device.avg.pct_of_peak_sustained_elapsed,5.885759,%
lts__d_sectors_fill_device.max.pct_of_peak_sustained_elapsed,6.483516,%
lts__d_sectors_fill_device.min.pct_of_peak_sustained_elapsed,0.704485,%
lts__d_sectors_fill_device.sum.pct_of_peak_sustained_elapsed,5.885759,%
lts__lts2xbar_cycles_active.avg.pct_of_peak_sustained_elapsed,22.757180,%
lts__lts2xbar_cycles_active.max.pct_of_peak_sustained_elapsed,23.581717,%
lts__lts2xbar_cycles_active.min.pct_of_peak_sustained_elapsed,11.810277,%
lts__lts2xbar_cycles_active.sum.pct_of_peak_sustained_elapsed,22.757180,%
lts__t_sector_hit_rate.pct,72.256016,%
lts__t_sectors.avg.pct_of_peak_sustained_elapsed,18.362693,%
lts__t_sectors.max.pct_of_peak_sustained_elapsed,19.203978,%
lts__t_sectors.min.pct_of_peak_sustained_elapsed,8.616388,%
lts__t_sectors.sum.pct_of_peak_sustained_elapsed,18.362693,%
lts__t_tag_requests.avg.pct_of_peak_sustained_elapsed,15.568976,%
lts__t_tag_requests.max.pct_of_peak_sustained_elapsed,16.620868,%
lts__t_tag_requests.min.pct_of_peak_sustained_elapsed,6.908464,%
lts__t_tag_requests.sum.pct_of_peak_sustained_elapsed,15.568976,%
lts__throughput.avg.pct_of_peak_sustained_elapsed,22.610307,%
lts__throughput.max.pct_of_peak_sustained_elapsed,23.496366,%
lts__throughput.min.pct_of_peak_sustained_elapsed,11.538192,%
lts__throughput.sum.pct_of_peak_sustained_elapsed,22.610307,%
lts__xbar2lts_cycles_active.avg.pct_of_peak_sustained_elapsed,14.047999,%
lts__xbar2lts_cycles_active.max.pct_of_peak_sustained_elapsed,14.843399,%
lts__xbar2lts_cycles_active.min.pct_of_peak_sustained_elapsed,7.270190,%
lts__xbar2lts_cycles_active.sum.pct_of_peak_sustained_elapsed,14.047999,%
numa__cpu_affinity,1,
numa__dev_display_name_all,1,
numa__id_cpu,1,
numa__id_memory,1,
nvlink__bandwidth,0,
nvlink__count_logical,0,
nvlink__count_physical,0,
nvlink__destination_ports,0,
nvlink__dev0Id,0,
nvlink__dev0type,0,
nvlink__dev1Id,0,
nvlink__dev1type,0,
nvlink__dev_display_name_all,1,
nvlink__enabled_mask,262143,
nvlink__is_direct_link,0,
nvlink__is_nvswitch_connected,0,
nvlink__max_count,18,
nvlink__peer_access,0,
nvlink__peer_atomic,0,
nvlink__source_ports,0,
nvlink__system_access,0,
nvlink__system_atomic,0,
profiler__perfworks_session_reuse,0,
profiler__replayer_bytes_mem_accessible.avg,413.501810,Mbyte
profiler__replayer_bytes_mem_accessible.max,413.501810,Mbyte
profiler__replayer_bytes_mem_accessible.min,413.501810,Mbyte
profiler__replayer_bytes_mem_accessible.sum,8.270036,Gbyte
profiler__replayer_bytes_mem_backed_up.avg,413.501810,Mbyte
profiler__replayer_bytes_mem_backed_up.max,413.501810,Mbyte
profiler__replayer_bytes_mem_backed_up.min,413.501810,Mbyte
profiler__replayer_bytes_mem_backed_up.sum,8.270036,Gbyte
profiler__replayer_passes,20.000000,pass
profiler__replayer_passes_type_warmup,0,pass
sass__inst_executed_per_opcode,3319917,
sass__inst_executed_per_opcode_category,3319917,
sass__inst_executed_per_opcode_with_modifier_all,3319917,
sass__inst_executed_per_opcode_with_modifier_selective,3319917,
sass__inst_executed_register_spilling,0,inst
sass__inst_executed_register_spilling_mem_local,no data,byte
sass__inst_executed_register_spilling_mem_shared,no data,byte
sass__inst_executed_register_spilling_op_read,0,inst
sass__inst_executed_register_spilling_op_write,0,inst
sass__thread_inst_executed_per_opcode_category,0,
sass__thread_inst_executed_true_per_opcode,0,
sass__thread_inst_executed_true_per_opcode_with_modifier_all,0,
sass__thread_inst_executed_true_per_opcode_with_modifier_selective,0,
sm__cycles_active.avg,123532.885135,cycle
sm__cycles_active.max,143541.000000,cycle
sm__cycles_active.min,0,cycle
sm__cycles_active.sum,18282867.000000,cycle
sm__inst_executed.avg.pct_of_peak_sustained_elapsed,2.620659,%
sm__inst_executed.avg.per_cycle_active,0.127211,inst/cycle
sm__inst_executed.avg.per_cycle_elapsed,0.104826,inst/cycle
sm__inst_executed.max.pct_of_peak_sustained_elapsed,4.386566,%
sm__inst_executed.max.per_cycle_active,0.212931,inst/cycle
sm__inst_executed.max.per_cycle_elapsed,0.175463,inst/cycle
sm__inst_executed.min.pct_of_peak_sustained_elapsed,0,%
sm__inst_executed.min.per_cycle_active,0,inst/cycle
sm__inst_executed.min.per_cycle_elapsed,0,inst/cycle
sm__inst_executed.sum.pct_of_peak_sustained_elapsed,2.620659,%
sm__inst_executed.sum.per_cycle_active,18.827246,inst/cycle
sm__inst_executed.sum.per_cycle_elapsed,15.514300,inst/cycle
sm__inst_executed_pipe_adu.avg.pct_of_peak_sustained_active,2.482149,%
sm__inst_executed_pipe_adu.avg.pct_of_peak_sustained_elapsed,2.045376,%
sm__inst_executed_pipe_adu.max.pct_of_peak_sustained_active,4.324355,%
sm__inst_executed_pipe_adu.max.pct_of_peak_sustained_elapsed,3.563417,%
sm__inst_executed_pipe_adu.min.pct_of_peak_sustained_active,0,%
sm__inst_executed_pipe_adu.min.pct_of_peak_sustained_elapsed,0,%
sm__inst_executed_pipe_adu.sum.pct_of_peak_sustained_active,2.482149,%
sm__inst_executed_pipe_adu.sum.pct_of_peak_sustained_elapsed,2.045376,%
sm__inst_executed_pipe_alu.avg.pct_of_peak_sustained_active,1.999161,%
sm__inst_executed_pipe_alu.avg.pct_of_peak_sustained_elapsed,1.647378,%
sm__inst_executed_pipe_alu.max.pct_of_peak_sustained_active,3.171220,%
sm__inst_executed_pipe_alu.max.pct_of_peak_sustained_elapsed,2.613195,%
sm__inst_executed_pipe_alu.min.pct_of_peak_sustained_active,0,%
sm__inst_executed_pipe_alu.min.pct_of_peak_sustained_elapsed,0,%
sm__inst_executed_pipe_alu.sum.pct_of_peak_sustained_active,1.999161,%
sm__inst_executed_pipe_alu.sum.pct_of_peak_sustained_elapsed,1.647378,%
sm__inst_executed_pipe_cbu.avg.pct_of_peak_sustained_active,0.193115,%
sm__inst_executed_pipe_cbu.avg.pct_of_peak_sustained_elapsed,0.159134,%
sm__inst_executed_pipe_cbu.max.pct_of_peak_sustained_active,0.397870,%
sm__inst_executed_pipe_cbu.max.pct_of_peak_sustained_elapsed,0.327858,%
sm__inst_executed_pipe_cbu.min.pct_of_peak_sustained_active,0,%
sm__inst_executed_pipe_cbu.min.pct_of_peak_sustained_elapsed,0,%
sm__inst_executed_pipe_cbu.sum.pct_of_peak_sustained_active,0.193115,%
sm__inst_executed_pipe_cbu.sum.pct_of_peak_sustained_elapsed,0.159134,%
sm__inst_executed_pipe_cbu_pred_on_any.avg.pct_of_peak_sustained_elapsed,0.616545,%
sm__inst_executed_pipe_cbu_pred_on_any.max.pct_of_peak_sustained_elapsed,1.274746,%
sm__inst_executed_pipe_cbu_pred_on_any.min.pct_of_peak_sustained_elapsed,0,%
sm__inst_executed_pipe_cbu_pred_on_any.sum.pct_of_peak_sustained_elapsed,0.616545,%
sm__inst_executed_pipe_fma.avg.pct_of_peak_sustained_active,0.450608,%
sm__inst_executed_pipe_fma.avg.pct_of_peak_sustained_elapsed,0.371316,%
sm__inst_executed_pipe_fma.max.pct_of_peak_sustained_active,0.855440,%
sm__inst_executed_pipe_fma.max.pct_of_peak_sustained_elapsed,0.704912,%
sm__inst_executed_pipe_fma.min.pct_of_peak_sustained_active,0,%
sm__inst_executed_pipe_fma.min.pct_of_peak_sustained_elapsed,0,%
sm__inst_executed_pipe_fma.sum.pct_of_peak_sustained_active,0.450608,%
sm__inst_executed_pipe_fma.sum.pct_of_peak_sustained_elapsed,0.371316,%
sm__inst_executed_pipe_fma_type_fp16.avg.pct_of_peak_sustained_active,0,%
sm__inst_executed_pipe_fma_type_fp16.avg.pct_of_peak_sustained_elapsed,0,%
sm__inst_executed_pipe_fp64.avg.pct_of_peak_sustained_active,0,%
sm__inst_executed_pipe_fp64.avg.pct_of_peak_sustained_elapsed,0,%
sm__inst_executed_pipe_fp64.max.pct_of_peak_sustained_active,0,%
sm__inst_executed_pipe_fp64.max.pct_of_peak_sustained_elapsed,0,%
sm__inst_executed_pipe_fp64.min.pct_of_peak_sustained_active,0,%
sm__inst_executed_pipe_fp64.min.pct_of_peak_sustained_elapsed,0,%
sm__inst_executed_pipe_fp64.sum.pct_of_peak_sustained_active,0,%
sm__inst_executed_pipe_fp64.sum.pct_of_peak_sustained_elapsed,0,%
sm__inst_executed_pipe_fp64_op_dmma.avg.pct_of_peak_sustained_active,0,%
sm__inst_executed_pipe_fp64_op_dmma.avg.pct_of_peak_sustained_elapsed,0,%
sm__inst_executed_pipe_fp64_op_dmma.max.pct_of_peak_sustained_active,0,%
sm__inst_executed_pipe_fp64_op_dmma.max.pct_of_peak_sustained_elapsed,0,%
sm__inst_executed_pipe_fp64_op_dmma.min.pct_of_peak_sustained_active,0,%
sm__inst_executed_pipe_fp64_op_dmma.min.pct_of_peak_sustained_elapsed,0,%
sm__inst_executed_pipe_fp64_op_dmma.sum.pct_of_peak_sustained_active,0,%
sm__inst_executed_pipe_fp64_op_dmma.sum.pct_of_peak_sustained_elapsed,0,%
sm__inst_executed_pipe_fp64_op_fp64.avg.pct_of_peak_sustained_active,0,%
sm__inst_executed_pipe_fp64_op_fp64.avg.pct_of_peak_sustained_elapsed,0,%
sm__inst_executed_pipe_fp64_op_fp64.max.pct_of_peak_sustained_active,0,%
sm__inst_executed_pipe_fp64_op_fp64.max.pct_of_peak_sustained_elapsed,0,%
sm__inst_executed_pipe_fp64_op_fp64.min.pct_of_peak_sustained_active,0,%
sm__inst_executed_pipe_fp64_op_fp64.min.pct_of_peak_sustained_elapsed,0,%
sm__inst_executed_pipe_fp64_op_fp64.sum.pct_of_peak_sustained_active,0,%
sm__inst_executed_pipe_fp64_op_fp64.sum.pct_of_peak_sustained_elapsed,0,%
sm__inst_executed_pipe_ipa.avg.pct_of_peak_sustained_elapsed,0,%
sm__inst_executed_pipe_ipa.max.pct_of_peak_sustained_elapsed,0,%
sm__inst_executed_pipe_ipa.min.pct_of_peak_sustained_elapsed,0,%
sm__inst_executed_pipe_ipa.sum.pct_of_peak_sustained_elapsed,0,%
sm__inst_executed_pipe_lsu.avg.pct_of_peak_sustained_active,0.579690,%
sm__inst_executed_pipe_lsu.avg.pct_of_peak_sustained_elapsed,0.477685,%
sm__inst_executed_pipe_lsu.max.pct_of_peak_sustained_active,0.670267,%
sm__inst_executed_pipe_lsu.max.pct_of_peak_sustained_elapsed,0.552323,%
sm__inst_executed_pipe_lsu.min.pct_of_peak_sustained_active,0,%
sm__inst_executed_pipe_lsu.min.pct_of_peak_sustained_elapsed,0,%
sm__inst_executed_pipe_lsu.sum.pct_of_peak_sustained_active,0.579690,%
sm__inst_executed_pipe_lsu.sum.pct_of_peak_sustained_elapsed,0.477685,%
sm__inst_executed_pipe_tc.avg.pct_of_peak_sustained_active,0.450520,%
sm__inst_executed_pipe_tc.avg.pct_of_peak_sustained_elapsed,0.371244,%
sm__inst_executed_pipe_tc.max.pct_of_peak_sustained_active,1.041018,%
sm__inst_executed_pipe_tc.max.pct_of_peak_sustained_elapsed,0.857835,%
sm__inst_executed_pipe_tc.min.pct_of_peak_sustained_active,0,%
sm__inst_executed_pipe_tc.min.pct_of_peak_sustained_elapsed,0,%
sm__inst_executed_pipe_tc.sum.pct_of_peak_sustained_active,0.450520,%
sm__inst_executed_pipe_tc.sum.pct_of_peak_sustained_elapsed,0.371244,%
sm__inst_executed_pipe_tensor_subpipe_hmma.avg.pct_of_peak_sustained_active,0.716912,%
sm__inst_executed_pipe_tensor_subpipe_hmma.avg.pct_of_peak_sustained_elapsed,0.590760,%
sm__inst_executed_pipe_tensor_subpipe_imma.avg.pct_of_peak_sustained_active,0,%
sm__inst_executed_pipe_tensor_subpipe_imma.avg.pct_of_peak_sustained_elapsed,0,%
sm__inst_executed_pipe_tex.avg.pct_of_peak_sustained_active,0.033605,%
sm__inst_executed_pipe_tex.avg.pct_of_peak_sustained_elapsed,0.027692,%
sm__inst_executed_pipe_tex.max.pct_of_peak_sustained_active,0.038856,%
sm__inst_executed_pipe_tex.max.pct_of_peak_sustained_elapsed,0.032019,%
sm__inst_executed_pipe_tex.min.pct_of_peak_sustained_active,0,%
sm__inst_executed_pipe_tex.min.pct_of_peak_sustained_elapsed,0,%
sm__inst_executed_pipe_tex.sum.pct_of_peak_sustained_active,0.033605,%
sm__inst_executed_pipe_tex.sum.pct_of_peak_sustained_elapsed,0.027692,%
sm__inst_executed_pipe_tma.avg.pct_of_peak_sustained_active,0.291245,%
sm__inst_executed_pipe_tma.avg.pct_of_peak_sustained_elapsed,0.239996,%
sm__inst_executed_pipe_tma.max.pct_of_peak_sustained_active,0.336752,%
sm__inst_executed_pipe_tma.max.pct_of_peak_sustained_elapsed,0.277496,%
sm__inst_executed_pipe_tma.min.pct_of_peak_sustained_active,0,%
sm__inst_executed_pipe_tma.min.pct_of_peak_sustained_elapsed,0,%
sm__inst_executed_pipe_tma.sum.pct_of_peak_sustained_active,0.291245,%
sm__inst_executed_pipe_tma.sum.pct_of_peak_sustained_elapsed,0.239996,%
sm__inst_executed_pipe_tmem.avg.pct_of_peak_sustained_active,0.022403,%
sm__inst_executed_pipe_tmem.avg.pct_of_peak_sustained_elapsed,0.018461,%
sm__inst_executed_pipe_tmem.max.pct_of_peak_sustained_active,0.025904,%
sm__inst_executed_pipe_tmem.max.pct_of_peak_sustained_elapsed,0.021346,%
sm__inst_executed_pipe_tmem.min.pct_of_peak_sustained_active,0,%
sm__inst_executed_pipe_tmem.min.pct_of_peak_sustained_elapsed,0,%
sm__inst_executed_pipe_tmem.sum.pct_of_peak_sustained_active,0.022403,%
sm__inst_executed_pipe_tmem.sum.pct_of_peak_sustained_elapsed,0.018461,%
sm__inst_executed_pipe_uniform.avg.pct_of_peak_sustained_active,0.653727,%
sm__inst_executed_pipe_uniform.avg.pct_of_peak_sustained_elapsed,0.538693,%
sm__inst_executed_pipe_uniform.max.pct_of_peak_sustained_active,1.007019,%
sm__inst_executed_pipe_uniform.max.pct_of_peak_sustained_elapsed,0.829819,%
sm__inst_executed_pipe_uniform.min.pct_of_peak_sustained_active,0,%
sm__inst_executed_pipe_uniform.min.pct_of_peak_sustained_elapsed,0,%
sm__inst_executed_pipe_uniform.sum.pct_of_peak_sustained_active,0.653727,%
sm__inst_executed_pipe_uniform.sum.pct_of_peak_sustained_elapsed,0.538693,%
sm__inst_executed_pipe_workid.avg.pct_of_peak_sustained_active,0,%
sm__inst_executed_pipe_workid.avg.pct_of_peak_sustained_elapsed,0,%
sm__inst_executed_pipe_workid.max.pct_of_peak_sustained_active,0,%
sm__inst_executed_pipe_workid.max.pct_of_peak_sustained_elapsed,0,%
sm__inst_executed_pipe_workid.min.pct_of_peak_sustained_active,0,%
sm__inst_executed_pipe_workid.min.pct_of_peak_sustained_elapsed,0,%
sm__inst_executed_pipe_workid.sum.pct_of_peak_sustained_active,0,%
sm__inst_executed_pipe_workid.sum.pct_of_peak_sustained_elapsed,0,%
sm__inst_executed_pipe_xu.avg.pct_of_peak_sustained_active,0,%
sm__inst_executed_pipe_xu.avg.pct_of_peak_sustained_elapsed,0,%
sm__inst_executed_pipe_xu.max.pct_of_peak_sustained_active,0,%
sm__inst_executed_pipe_xu.max.pct_of_peak_sustained_elapsed,0,%
sm__inst_executed_pipe_xu.min.pct_of_peak_sustained_active,0,%
sm__inst_executed_pipe_xu.min.pct_of_peak_sustained_elapsed,0,%
sm__inst_executed_pipe_xu.sum.pct_of_peak_sustained_active,0,%
sm__inst_executed_pipe_xu.sum.pct_of_peak_sustained_elapsed,0,%
sm__inst_issued.avg.pct_of_peak_sustained_elapsed,2.746707,%
sm__inst_issued.avg.per_cycle_active,0.133330,inst/cycle
sm__inst_issued.max.pct_of_peak_sustained_elapsed,4.670398,%
sm__inst_issued.max.per_cycle_active,0.226709,inst/cycle
sm__inst_issued.min.pct_of_peak_sustained_elapsed,0,%
sm__inst_issued.min.per_cycle_active,0,inst/cycle
sm__inst_issued.sum.pct_of_peak_sustained_elapsed,2.746707,%
sm__inst_issued.sum.per_cycle_active,19.732794,inst/cycle
sm__instruction_throughput.avg.pct_of_peak_sustained_elapsed,75.687654,%
sm__instruction_throughput.max.pct_of_peak_sustained_elapsed,87.513850,%
sm__instruction_throughput.min.pct_of_peak_sustained_elapsed,0,%
sm__instruction_throughput.sum.pct_of_peak_sustained_elapsed,75.687654,%
sm__instruction_throughput_internal_activity.avg.pct_of_peak_sustained_elapsed,0,%
sm__instruction_throughput_internal_activity.max.pct_of_peak_sustained_elapsed,0,%
sm__instruction_throughput_internal_activity.min.pct_of_peak_sustained_elapsed,0,%
sm__instruction_throughput_internal_activity.sum.pct_of_peak_sustained_elapsed,0,%
sm__issue_active.avg.pct_of_peak_sustained_elapsed,2.746707,%
sm__issue_active.max.pct_of_peak_sustained_elapsed,4.670398,%
sm__issue_active.min.pct_of_peak_sustained_elapsed,0,%
sm__issue_active.sum.pct_of_peak_sustained_elapsed,2.746707,%
sm__maximum_warps_avg_per_active_cycle,12.000000,warp
sm__maximum_warps_per_active_cycle_pct,18.750000,%
sm__mem_tensor_cycles_active.avg.pct_of_peak_sustained_active,92.123210,%
sm__mem_tensor_cycles_active.avg.pct_of_peak_sustained_elapsed,75.912705,%
sm__mem_tensor_cycles_active.max.pct_of_peak_sustained_active,106.522243,%
sm__mem_tensor_cycles_active.max.pct_of_peak_sustained_elapsed,87.778005,%
sm__mem_tensor_cycles_active.min.pct_of_peak_sustained_active,0,%
sm__mem_tensor_cycles_active.min.pct_of_peak_sustained_elapsed,0,%
sm__mem_tensor_cycles_active.sum.pct_of_peak_sustained_active,92.123210,%
sm__mem_tensor_cycles_active.sum.pct_of_peak_sustained_elapsed,75.912705,%
sm__memory_throughput.avg.pct_of_peak_sustained_elapsed,75.912705,%
sm__memory_throughput.max.pct_of_peak_sustained_elapsed,87.778005,%
sm__memory_throughput.min.pct_of_peak_sustained_elapsed,0,%
sm__memory_throughput.sum.pct_of_peak_sustained_elapsed,75.912705,%
sm__memory_throughput_internal_activity.avg.pct_of_peak_sustained_elapsed,0.106152,%
sm__memory_throughput_internal_activity.max.pct_of_peak_sustained_elapsed,0.122738,%
sm__memory_throughput_internal_activity.min.pct_of_peak_sustained_elapsed,0,%
sm__memory_throughput_internal_activity.sum.pct_of_peak_sustained_elapsed,0.106152,%
sm__mio2rf_writeback_active.avg.pct_of_peak_sustained_elapsed,4.748219,%
sm__mio2rf_writeback_active.max.pct_of_peak_sustained_elapsed,5.490378,%
sm__mio2rf_writeback_active.min.pct_of_peak_sustained_elapsed,0,%
sm__mio2rf_writeback_active.sum.pct_of_peak_sustained_elapsed,4.748219,%
sm__mio_inst_issued.avg.pct_of_peak_sustained_elapsed,0.870185,%
sm__mio_inst_issued.max.pct_of_peak_sustained_elapsed,1.305764,%
sm__mio_inst_issued.min.pct_of_peak_sustained_elapsed,0,%
sm__mio_inst_issued.sum.pct_of_peak_sustained_elapsed,0.870185,%
sm__mio_pq_read_cycles_active.avg.pct_of_peak_sustained_elapsed,3.686039,%
sm__mio_pq_read_cycles_active.max.pct_of_peak_sustained_elapsed,6.696583,%
sm__mio_pq_read_cycles_active.min.pct_of_peak_sustained_elapsed,0,%
sm__mio_pq_read_cycles_active.sum.pct_of_peak_sustained_elapsed,3.686039,%
sm__mio_pq_write_cycles_active.avg.pct_of_peak_sustained_elapsed,3.701642,%
sm__mio_pq_write_cycles_active.max.pct_of_peak_sustained_elapsed,6.707256,%
sm__mio_pq_write_cycles_active.min.pct_of_peak_sustained_elapsed,0,%
sm__mio_pq_write_cycles_active.sum.pct_of_peak_sustained_elapsed,3.701642,%
sm__pipe_alu_cycles_active.avg.pct_of_peak_sustained_active,1.999161,%
sm__pipe_alu_cycles_active.avg.pct_of_peak_sustained_elapsed,1.647378,%
sm__pipe_alu_cycles_active.max.pct_of_peak_sustained_active,3.171220,%
sm__pipe_alu_cycles_active.max.pct_of_peak_sustained_elapsed,2.613195,%
sm__pipe_alu_cycles_active.min.pct_of_peak_sustained_active,0,%
sm__pipe_alu_cycles_active.min.pct_of_peak_sustained_elapsed,0,%
sm__pipe_alu_cycles_active.sum.pct_of_peak_sustained_active,1.999161,%
sm__pipe_alu_cycles_active.sum.pct_of_peak_sustained_elapsed,1.647378,%
sm__pipe_fma_cycles_active.avg.pct_of_peak_sustained_active,0.450608,%
sm__pipe_fma_cycles_active.avg.pct_of_peak_sustained_elapsed,0.371316,%
sm__pipe_fma_cycles_active.max.pct_of_peak_sustained_active,0.855440,%
sm__pipe_fma_cycles_active.max.pct_of_peak_sustained_elapsed,0.704912,%
sm__pipe_fma_cycles_active.min.pct_of_peak_sustained_active,0,%
sm__pipe_fma_cycles_active.min.pct_of_peak_sustained_elapsed,0,%
sm__pipe_fma_cycles_active.sum.pct_of_peak_sustained_active,0.450608,%
sm__pipe_fma_cycles_active.sum.pct_of_peak_sustained_elapsed,0.371316,%
sm__pipe_fmaheavy_cycles_active.avg.pct_of_peak_sustained_elapsed,0.742633,%
sm__pipe_fmaheavy_cycles_active.max.pct_of_peak_sustained_elapsed,1.409825,%
sm__pipe_fmaheavy_cycles_active.min.pct_of_peak_sustained_elapsed,0,%
sm__pipe_fmaheavy_cycles_active.sum.pct_of_peak_sustained_elapsed,0.742633,%
sm__pipe_fp64_cycles_active.avg.pct_of_peak_sustained_active,0,%
sm__pipe_fp64_cycles_active.avg.pct_of_peak_sustained_elapsed,0,%
sm__pipe_fp64_cycles_active.max.pct_of_peak_sustained_active,0,%
sm__pipe_fp64_cycles_active.max.pct_of_peak_sustained_elapsed,0,%
sm__pipe_fp64_cycles_active.min.pct_of_peak_sustained_active,0,%
sm__pipe_fp64_cycles_active.min.pct_of_peak_sustained_elapsed,0,%
sm__pipe_fp64_cycles_active.sum.pct_of_peak_sustained_active,0,%
sm__pipe_fp64_cycles_active.sum.pct_of_peak_sustained_elapsed,0,%
sm__pipe_tc_cycles_active.avg.pct_of_peak_sustained_active,91.850102,%
sm__pipe_tc_cycles_active.avg.pct_of_peak_sustained_elapsed,75.687654,%
sm__pipe_tc_cycles_active.max.pct_of_peak_sustained_active,106.201681,%
sm__pipe_tc_cycles_active.max.pct_of_peak_sustained_elapsed,87.513850,%
sm__pipe_tc_cycles_active.min.pct_of_peak_sustained_active,0,%
sm__pipe_tc_cycles_active.min.pct_of_peak_sustained_elapsed,0,%
sm__pipe_tc_cycles_active.sum.pct_of_peak_sustained_active,91.850102,%
sm__pipe_tc_cycles_active.sum.pct_of_peak_sustained_elapsed,75.687654,%
sm__pipe_tensor_cycles_active.avg.pct_of_peak_sustained_active,91.764689,%
sm__pipe_tensor_cycles_active.avg.pct_of_peak_sustained_elapsed,75.617271,%
sm__pipe_tensor_cycles_active.max.pct_of_peak_sustained_active,106.102921,%
sm__pipe_tensor_cycles_active.max.pct_of_peak_sustained_elapsed,87.432470,%
sm__pipe_tensor_cycles_active.min.pct_of_peak_sustained_active,0,%
sm__pipe_tensor_cycles_active.min.pct_of_peak_sustained_elapsed,0,%
sm__pipe_tensor_cycles_active.sum.pct_of_peak_sustained_active,91.764689,%
sm__pipe_tensor_cycles_active.sum.pct_of_peak_sustained_elapsed,75.617271,%
sm__pipe_tensor_subpipe_hmma_cycles_active.avg.pct_of_peak_sustained_active,91.764689,%
sm__pipe_tensor_subpipe_hmma_cycles_active.avg.pct_of_peak_sustained_elapsed,75.617271,%
sm__pipe_tensor_subpipe_imma_cycles_active.avg.pct_of_peak_sustained_active,0,%
sm__pipe_tensor_subpipe_imma_cycles_active.avg.pct_of_peak_sustained_elapsed,0,%
sm__pipe_tma_cycles_active.avg.pct_of_peak_sustained_active,0.571289,%
sm__pipe_tma_cycles_active.avg.pct_of_peak_sustained_elapsed,0.470762,%
sm__pipe_tma_cycles_active.max.pct_of_peak_sustained_active,0.660553,%
sm__pipe_tma_cycles_active.max.pct_of_peak_sustained_elapsed,0.544318,%
sm__pipe_tma_cycles_active.min.pct_of_peak_sustained_active,0,%
sm__pipe_tma_cycles_active.min.pct_of_peak_sustained_elapsed,0,%
sm__pipe_tma_cycles_active.sum.pct_of_peak_sustained_active,0.571289,%
sm__pipe_tma_cycles_active.sum.pct_of_peak_sustained_elapsed,0.470762,%
sm__pipe_xu_cycles_active.avg.pct_of_peak_sustained_elapsed,0,%
sm__pipe_xu_cycles_active.max.pct_of_peak_sustained_elapsed,0,%
sm__pipe_xu_cycles_active.min.pct_of_peak_sustained_elapsed,0,%
sm__pipe_xu_cycles_active.sum.pct_of_peak_sustained_elapsed,0,%
sm__throughput.avg.pct_of_peak_sustained_elapsed,75.912705,%
sm__throughput.max.pct_of_peak_sustained_elapsed,87.778005,%
sm__throughput.min.pct_of_peak_sustained_elapsed,0,%
sm__throughput.sum.pct_of_peak_sustained_elapsed,75.912705,%
sm__warps_active.avg.pct_of_peak_sustained_active,18.700748,%
sm__warps_active.avg.per_cycle_active,11.968479,warp
sm__warps_active.max.pct_of_peak_sustained_active,21.712715,%
sm__warps_active.max.per_cycle_active,13.896138,warp
sm__warps_active.min.pct_of_peak_sustained_active,0,%
sm__warps_active.min.per_cycle_active,0,warp
sm__warps_active.sum.pct_of_peak_sustained_active,18.700748,%
sm__warps_active.sum.per_cycle_active,1771.334829,warp
smsp__average_warp_latency_per_inst_issued.ratio,89.709262,cycle
smsp__average_warps_active_per_inst_executed.ratio,94.024076,cycle
smsp__average_warps_issue_stalled_barrier_per_issue_active.ratio,19.038570,inst
smsp__average_warps_issue_stalled_branch_resolving_per_issue_active.ratio,1.626495,inst
smsp__average_warps_issue_stalled_dispatch_stall_per_issue_active.ratio,0.058105,inst
smsp__average_warps_issue_stalled_drain_per_issue_active.ratio,0.001043,inst
smsp__average_warps_issue_stalled_lg_throttle_per_issue_active.ratio,0,inst
smsp__average_warps_issue_stalled_long_scoreboard_per_issue_active.ratio,55.787340,inst
smsp__average_warps_issue_stalled_math_pipe_throttle_per_issue_active.ratio,0.079737,inst
smsp__average_warps_issue_stalled_membar_per_issue_active.ratio,0.660543,inst
smsp__average_warps_issue_stalled_mio_throttle_per_issue_active.ratio,0.411053,inst
smsp__average_warps_issue_stalled_misc_per_issue_active.ratio,0.217829,inst
smsp__average_warps_issue_stalled_no_instruction_per_issue_active.ratio,0.254747,inst
smsp__average_warps_issue_stalled_not_selected_per_issue_active.ratio,0.130984,inst
smsp__average_warps_issue_stalled_selected_per_issue_active.ratio,0.996472,inst
smsp__average_warps_issue_stalled_short_scoreboard_per_issue_active.ratio,2.813176,inst
smsp__average_warps_issue_stalled_sleeping_per_issue_active.ratio,6.473135,inst
smsp__average_warps_issue_stalled_tex_throttle_per_issue_active.ratio,0,inst
smsp__average_warps_issue_stalled_wait_per_issue_active.ratio,1.237488,inst
smsp__issue_active.avg.pct_of_peak_sustained_active,3.342205,%
smsp__issue_active.avg.per_cycle_active,0.03,
smsp__issue_active.max.pct_of_peak_sustained_active,7.993401,%
smsp__issue_active.max.per_cycle_active,0.08,
smsp__issue_active.min.pct_of_peak_sustained_active,0,%
smsp__issue_active.min.per_cycle_active,0,
smsp__issue_active.sum.pct_of_peak_sustained_active,3.342205,%
smsp__issue_active.sum.per_cycle_active,19.79,
smsp__issue_inst0.avg.pct_of_peak_sustained_active,96.657795,%
smsp__issue_inst0.max.pct_of_peak_sustained_active,108.370328,%
smsp__issue_inst0.min.pct_of_peak_sustained_active,0,%
smsp__issue_inst0.sum.pct_of_peak_sustained_active,96.657795,%
smsp__maximum_warps_avg_per_active_cycle,3.000000,warp
smsp__thread_inst_executed_per_inst_executed.ratio,11.99,
smsp__thread_inst_executed_pred_on_per_inst_executed.ratio,11.67,
smsp__warps_active.avg.peak_sustained,16.000000,warp
smsp__warps_active.avg.per_cycle_active,2.998267,warp
smsp__warps_active.max.peak_sustained,16.000000,warp
smsp__warps_active.max.per_cycle_active,3.484759,warp
smsp__warps_active.min.peak_sustained,16.000000,warp
smsp__warps_active.min.per_cycle_active,0,warp
smsp__warps_active.sum.peak_sustained,9472.000000,warp
smsp__warps_active.sum.per_cycle_active,1774.974161,warp
smsp__warps_eligible.avg.per_cycle_active,0.037752,warp
smsp__warps_eligible.max.per_cycle_active,0.087125,warp
smsp__warps_eligible.min.per_cycle_active,0,warp
smsp__warps_eligible.sum.per_cycle_active,22.348951,warp
syslts__d_atomic_input_cycles_active.avg.pct_of_peak_sustained_elapsed,0,%
syslts__d_atomic_input_cycles_active.max.pct_of_peak_sustained_elapsed,0,%
syslts__d_atomic_input_cycles_active.min.pct_of_peak_sustained_elapsed,0,%
syslts__d_atomic_input_cycles_active.sum.pct_of_peak_sustained_elapsed,0,%
syslts__d_sectors.avg.pct_of_peak_sustained_elapsed,0.039404,%
syslts__d_sectors.max.pct_of_peak_sustained_elapsed,0.040998,%
syslts__d_sectors.min.pct_of_peak_sustained_elapsed,0.039176,%
syslts__d_sectors.sum.pct_of_peak_sustained_elapsed,0.039404,%
syslts__d_sectors_fill_sysmem.avg.pct_of_peak_sustained_elapsed,0.000057,%
syslts__d_sectors_fill_sysmem.max.pct_of_peak_sustained_elapsed,0.000456,%
syslts__d_sectors_fill_sysmem.min.pct_of_peak_sustained_elapsed,0,%
syslts__d_sectors_fill_sysmem.sum.pct_of_peak_sustained_elapsed,0.000057,%
syslts__syslts2xbar_cycles_active.avg.pct_of_peak_sustained_elapsed,0.014236,%
syslts__syslts2xbar_cycles_active.max.pct_of_peak_sustained_elapsed,0.017310,%
syslts__syslts2xbar_cycles_active.min.pct_of_peak_sustained_elapsed,0.013666,%
syslts__syslts2xbar_cycles_active.sum.pct_of_peak_sustained_elapsed,0.014236,%
syslts__t_sectors.avg.pct_of_peak_sustained_elapsed,0.083420,%
syslts__t_sectors.max.pct_of_peak_sustained_elapsed,0.087008,%
syslts__t_sectors.min.pct_of_peak_sustained_elapsed,0.079719,%
syslts__t_sectors.sum.pct_of_peak_sustained_elapsed,0.083420,%
syslts__t_tag_requests.avg.pct_of_peak_sustained_elapsed,0.025168,%
syslts__t_tag_requests.max.pct_of_peak_sustained_elapsed,0.026877,%
syslts__t_tag_requests.min.pct_of_peak_sustained_elapsed,0.024599,%
syslts__t_tag_requests.sum.pct_of_peak_sustained_elapsed,0.025168,%
syslts__xbar2syslts_cycles_active.avg.pct_of_peak_sustained_elapsed,0.067306,%
syslts__xbar2syslts_cycles_active.max.pct_of_peak_sustained_elapsed,0.072430,%
syslts__xbar2syslts_cycles_active.min.pct_of_peak_sustained_elapsed,0.060131,%
syslts__xbar2syslts_cycles_active.sum.pct_of_peak_sustained_elapsed,0.067306,%
