step,M,N,K,median_ms,min_ms,max_ms,tflops,cublas_ms,speedup_vs_cublas,reference_ms,limit_ms,status,seed,warmup,repeat,trials,gpu,sm_count,tvm,torch,cuda,samples_ms,cublas_samples_ms,trial_orders,cublas_speedup_samples,paired_speedup_vs_cublas,git_revision,git_dirty,gemm_kernels_sha256,utils_sha256,benchmark_sha256,benchmark_diagnostics_sha256,compiler,ptxas_reg_level,TVM_CUDA_PTXAS_EXTRA_OPTS,TVM_CUDA_NVRTC_EXTRA_OPTS,TVM_CUDA_NVCC_NO_FAST_MATH,TVM_KERNEL_DEBUG,TVM_KERNEL_DUMP,CUDA_LAUNCH_BLOCKING,CUDA_VISIBLE_DEVICES,target,comparison_order
1,128,128,64,0.005403733253479004,0.005403733253479004,0.005403733253479004,0.3880931758890619,0.006218666831652324,1.1508093645534136,0.105,0.1365,PASS,0,10,30,1,NVIDIA B300 SXM6 AC,148,0.26.0,2.14.0+cu130,13.0,[0.005403733253479004],[0.006218666831652324],"[['kernel', 'cublas']]",[1.1508093645534136],1.1508093645534136,9e3b989cc50a8143718048351bcd79a1e1343d47,True,727a44403b6c1ea0a0499c8212e5796d0fa2b31944929e9ecd50d60be4b961f2,af9cc13549f0726e295a5ae65c91f580c7728d2c795e53e0ffe3547023f38d30,99750ba84c133138994941c182c10eaa495663bf69570ad04c3f6be90fa2d1ab,5db36328f88d5a5758659814bdec098cf0e5ac20823ac5b713b0ef41d0e06f74,nvrtc,10,,,,,,,0,"{""kind"":""cuda"",""tag"":"""",""keys"":[""cuda"",""gpu""],""max_num_threads"":1024,""thread_warp_size"":32,""arch"":""sm_103a""}",paired_reverse_rotation_v1
2,128,128,64,0.005437866846720377,0.005437866846720377,0.005437866846720377,0.3856571076698595,0.005830400188763936,1.0721851698668015,0.105,0.1365,PASS,0,10,30,1,NVIDIA B300 SXM6 AC,148,0.26.0,2.14.0+cu130,13.0,[0.005437866846720377],[0.005830400188763936],"[['kernel', 'cublas']]",[1.0721851698668015],1.0721851698668015,9e3b989cc50a8143718048351bcd79a1e1343d47,True,727a44403b6c1ea0a0499c8212e5796d0fa2b31944929e9ecd50d60be4b961f2,af9cc13549f0726e295a5ae65c91f580c7728d2c795e53e0ffe3547023f38d30,99750ba84c133138994941c182c10eaa495663bf69570ad04c3f6be90fa2d1ab,5db36328f88d5a5758659814bdec098cf0e5ac20823ac5b713b0ef41d0e06f74,nvrtc,10,,,,,,,0,"{""kind"":""cuda"",""tag"":"""",""keys"":[""cuda"",""gpu""],""max_num_threads"":1024,""thread_warp_size"":32,""arch"":""sm_103a""}",paired_reverse_rotation_v1
2,128,128,512,0.010458667079607646,0.010458667079607646,0.010458667079607646,1.6041447607326833,0.00625493327776591,0.5980621842301306,0.839,1.0907,PASS,0,10,30,1,NVIDIA B300 SXM6 AC,148,0.26.0,2.14.0+cu130,13.0,[0.010458667079607646],[0.00625493327776591],"[['kernel', 'cublas']]",[0.5980621842301306],0.5980621842301306,9e3b989cc50a8143718048351bcd79a1e1343d47,True,727a44403b6c1ea0a0499c8212e5796d0fa2b31944929e9ecd50d60be4b961f2,af9cc13549f0726e295a5ae65c91f580c7728d2c795e53e0ffe3547023f38d30,99750ba84c133138994941c182c10eaa495663bf69570ad04c3f6be90fa2d1ab,5db36328f88d5a5758659814bdec098cf0e5ac20823ac5b713b0ef41d0e06f74,nvrtc,10,,,,,,,0,"{""kind"":""cuda"",""tag"":"""",""keys"":[""cuda"",""gpu""],""max_num_threads"":1024,""thread_warp_size"":32,""arch"":""sm_103a""}",paired_reverse_rotation_v1
2,128,128,1024,0.01656000018119812,0.01656000018119812,0.01656000018119812,2.026233794254242,0.005869866907596588,0.35446055817445654,1.678,2.1814,PASS,0,10,30,1,NVIDIA B300 SXM6 AC,148,0.26.0,2.14.0+cu130,13.0,[0.01656000018119812],[0.005869866907596588],"[['kernel', 'cublas']]",[0.35446055817445654],0.35446055817445654,9e3b989cc50a8143718048351bcd79a1e1343d47,True,727a44403b6c1ea0a0499c8212e5796d0fa2b31944929e9ecd50d60be4b961f2,af9cc13549f0726e295a5ae65c91f580c7728d2c795e53e0ffe3547023f38d30,99750ba84c133138994941c182c10eaa495663bf69570ad04c3f6be90fa2d1ab,5db36328f88d5a5758659814bdec098cf0e5ac20823ac5b713b0ef41d0e06f74,nvrtc,10,,,,,,,0,"{""kind"":""cuda"",""tag"":"""",""keys"":[""cuda"",""gpu""],""max_num_threads"":1024,""thread_warp_size"":32,""arch"":""sm_103a""}",paired_reverse_rotation_v1
2,128,128,4096,0.051402668158213295,0.051402668158213295,0.051402668158213295,2.6111043027355816,0.008020266890525818,0.15602822145029668,6.711,8.724300000000001,PASS,0,10,30,1,NVIDIA B300 SXM6 AC,148,0.26.0,2.14.0+cu130,13.0,[0.051402668158213295],[0.008020266890525818],"[['kernel', 'cublas']]",[0.15602822145029668],0.15602822145029668,9e3b989cc50a8143718048351bcd79a1e1343d47,True,727a44403b6c1ea0a0499c8212e5796d0fa2b31944929e9ecd50d60be4b961f2,af9cc13549f0726e295a5ae65c91f580c7728d2c795e53e0ffe3547023f38d30,99750ba84c133138994941c182c10eaa495663bf69570ad04c3f6be90fa2d1ab,5db36328f88d5a5758659814bdec098cf0e5ac20823ac5b713b0ef41d0e06f74,nvrtc,10,,,,,,,0,"{""kind"":""cuda"",""tag"":"""",""keys"":[""cuda"",""gpu""],""max_num_threads"":1024,""thread_warp_size"":32,""arch"":""sm_103a""}",paired_reverse_rotation_v1
3,256,256,256,0.008410666386286418,0.008410666386286418,0.008410666386286418,3.9895093276687876,0.006273066500822703,0.7458465492164723,0.373,0.4849,PASS,0,10,30,1,NVIDIA B300 SXM6 AC,148,0.26.0,2.14.0+cu130,13.0,[0.008410666386286418],[0.006273066500822703],"[['kernel', 'cublas']]",[0.7458465492164723],0.7458465492164723,9e3b989cc50a8143718048351bcd79a1e1343d47,True,727a44403b6c1ea0a0499c8212e5796d0fa2b31944929e9ecd50d60be4b961f2,af9cc13549f0726e295a5ae65c91f580c7728d2c795e53e0ffe3547023f38d30,99750ba84c133138994941c182c10eaa495663bf69570ad04c3f6be90fa2d1ab,5db36328f88d5a5758659814bdec098cf0e5ac20823ac5b713b0ef41d0e06f74,nvrtc,10,,,,,,,0,"{""kind"":""cuda"",""tag"":"""",""keys"":[""cuda"",""gpu""],""max_num_threads"":1024,""thread_warp_size"":32,""arch"":""sm_103a""}",paired_reverse_rotation_v1
3,512,512,512,0.010473600029945374,0.010473600029945374,0.010473600029945374,25.62972189433513,0.006197333335876465,0.5917099486477896,0.746,0.9698,PASS,0,10,30,1,NVIDIA B300 SXM6 AC,148,0.26.0,2.14.0+cu130,13.0,[0.010473600029945374],[0.006197333335876465],"[['kernel', 'cublas']]",[0.5917099486477896],0.5917099486477896,9e3b989cc50a8143718048351bcd79a1e1343d47,True,727a44403b6c1ea0a0499c8212e5796d0fa2b31944929e9ecd50d60be4b961f2,af9cc13549f0726e295a5ae65c91f580c7728d2c795e53e0ffe3547023f38d30,99750ba84c133138994941c182c10eaa495663bf69570ad04c3f6be90fa2d1ab,5db36328f88d5a5758659814bdec098cf0e5ac20823ac5b713b0ef41d0e06f74,nvrtc,10,,,,,,,0,"{""kind"":""cuda"",""tag"":"""",""keys"":[""cuda"",""gpu""],""max_num_threads"":1024,""thread_warp_size"":32,""arch"":""sm_103a""}",paired_reverse_rotation_v1
3,1024,1024,1024,0.016562133034070333,0.016562133034070333,0.016562133034070333,129.66226292122903,0.005892266829808553,0.3557673892419195,1.502,1.9526000000000001,PASS,0,10,30,1,NVIDIA B300 SXM6 AC,148,0.26.0,2.14.0+cu130,13.0,[0.016562133034070333],[0.005892266829808553],"[['kernel', 'cublas']]",[0.3557673892419195],0.3557673892419195,9e3b989cc50a8143718048351bcd79a1e1343d47,True,727a44403b6c1ea0a0499c8212e5796d0fa2b31944929e9ecd50d60be4b961f2,af9cc13549f0726e295a5ae65c91f580c7728d2c795e53e0ffe3547023f38d30,99750ba84c133138994941c182c10eaa495663bf69570ad04c3f6be90fa2d1ab,5db36328f88d5a5758659814bdec098cf0e5ac20823ac5b713b0ef41d0e06f74,nvrtc,10,,,,,,,0,"{""kind"":""cuda"",""tag"":"""",""keys"":[""cuda"",""gpu""],""max_num_threads"":1024,""thread_warp_size"":32,""arch"":""sm_103a""}",paired_reverse_rotation_v1
3,2048,2048,2048,0.053480533758799235,0.053480533758799235,0.053480533758799235,321.2359334609926,0.01255466639995575,0.23475207739283474,6.007,7.8091,PASS,0,10,30,1,NVIDIA B300 SXM6 AC,148,0.26.0,2.14.0+cu130,13.0,[0.053480533758799235],[0.01255466639995575],"[['kernel', 'cublas']]",[0.23475207739283474],0.23475207739283474,9e3b989cc50a8143718048351bcd79a1e1343d47,True,727a44403b6c1ea0a0499c8212e5796d0fa2b31944929e9ecd50d60be4b961f2,af9cc13549f0726e295a5ae65c91f580c7728d2c795e53e0ffe3547023f38d30,99750ba84c133138994941c182c10eaa495663bf69570ad04c3f6be90fa2d1ab,5db36328f88d5a5758659814bdec098cf0e5ac20823ac5b713b0ef41d0e06f74,nvrtc,10,,,,,,,0,"{""kind"":""cuda"",""tag"":"""",""keys"":[""cuda"",""gpu""],""max_num_threads"":1024,""thread_warp_size"":32,""arch"":""sm_103a""}",paired_reverse_rotation_v1
4,256,256,256,0.006390400230884552,0.006390400230884552,0.006390400230884552,5.250755944491982,0.00557226687669754,0.8719746299718435,0.014,0.0182,PASS,0,10,30,1,NVIDIA B300 SXM6 AC,148,0.26.0,2.14.0+cu130,13.0,[0.006390400230884552],[0.00557226687669754],"[['kernel', 'cublas']]",[0.8719746299718435],0.8719746299718435,9e3b989cc50a8143718048351bcd79a1e1343d47,True,727a44403b6c1ea0a0499c8212e5796d0fa2b31944929e9ecd50d60be4b961f2,af9cc13549f0726e295a5ae65c91f580c7728d2c795e53e0ffe3547023f38d30,99750ba84c133138994941c182c10eaa495663bf69570ad04c3f6be90fa2d1ab,5db36328f88d5a5758659814bdec098cf0e5ac20823ac5b713b0ef41d0e06f74,nvrtc,10,,,,,,,0,"{""kind"":""cuda"",""tag"":"""",""keys"":[""cuda"",""gpu""],""max_num_threads"":1024,""thread_warp_size"":32,""arch"":""sm_103a""}",paired_reverse_rotation_v1
4,512,512,512,0.008378666639328004,0.008378666639328004,0.008378666639328004,32.03796827767448,0.005722666780153911,0.6830044715340157,0.015,0.0195,PASS,0,10,30,1,NVIDIA B300 SXM6 AC,148,0.26.0,2.14.0+cu130,13.0,[0.008378666639328004],[0.005722666780153911],"[['kernel', 'cublas']]",[0.6830044715340157],0.6830044715340157,9e3b989cc50a8143718048351bcd79a1e1343d47,True,727a44403b6c1ea0a0499c8212e5796d0fa2b31944929e9ecd50d60be4b961f2,af9cc13549f0726e295a5ae65c91f580c7728d2c795e53e0ffe3547023f38d30,99750ba84c133138994941c182c10eaa495663bf69570ad04c3f6be90fa2d1ab,5db36328f88d5a5758659814bdec098cf0e5ac20823ac5b713b0ef41d0e06f74,nvrtc,10,,,,,,,0,"{""kind"":""cuda"",""tag"":"""",""keys"":[""cuda"",""gpu""],""max_num_threads"":1024,""thread_warp_size"":32,""arch"":""sm_103a""}",paired_reverse_rotation_v1
4,1024,1024,1024,0.012449066837628682,0.012449066837628682,0.012449066837628682,172.5015759019779,0.005614933371543884,0.4510324705280019,0.017,0.0221,PASS,0,10,30,1,NVIDIA B300 SXM6 AC,148,0.26.0,2.14.0+cu130,13.0,[0.012449066837628682],[0.005614933371543884],"[['kernel', 'cublas']]",[0.4510324705280019],0.4510324705280019,9e3b989cc50a8143718048351bcd79a1e1343d47,True,727a44403b6c1ea0a0499c8212e5796d0fa2b31944929e9ecd50d60be4b961f2,af9cc13549f0726e295a5ae65c91f580c7728d2c795e53e0ffe3547023f38d30,99750ba84c133138994941c182c10eaa495663bf69570ad04c3f6be90fa2d1ab,5db36328f88d5a5758659814bdec098cf0e5ac20823ac5b713b0ef41d0e06f74,nvrtc,10,,,,,,,0,"{""kind"":""cuda"",""tag"":"""",""keys"":[""cuda"",""gpu""],""max_num_threads"":1024,""thread_warp_size"":32,""arch"":""sm_103a""}",paired_reverse_rotation_v1
4,2048,2048,2048,0.020728532473246256,0.020728532473246256,0.020728532473246256,828.8029654860316,0.012570666273434956,0.6064426552945592,0.052,0.0676,PASS,0,10,30,1,NVIDIA B300 SXM6 AC,148,0.26.0,2.14.0+cu130,13.0,[0.020728532473246256],[0.012570666273434956],"[['kernel', 'cublas']]",[0.6064426552945592],0.6064426552945592,9e3b989cc50a8143718048351bcd79a1e1343d47,True,727a44403b6c1ea0a0499c8212e5796d0fa2b31944929e9ecd50d60be4b961f2,af9cc13549f0726e295a5ae65c91f580c7728d2c795e53e0ffe3547023f38d30,99750ba84c133138994941c182c10eaa495663bf69570ad04c3f6be90fa2d1ab,5db36328f88d5a5758659814bdec098cf0e5ac20823ac5b713b0ef41d0e06f74,nvrtc,10,,,,,,,0,"{""kind"":""cuda"",""tag"":"""",""keys"":[""cuda"",""gpu""],""max_num_threads"":1024,""thread_warp_size"":32,""arch"":""sm_103a""}",paired_reverse_rotation_v1
5,512,512,512,0.007451733450094858,0.007451733450094858,0.007451733450094858,36.02322302558781,0.005692799886067708,0.7639564571375322,0.013,0.0169,PASS,0,10,30,1,NVIDIA B300 SXM6 AC,148,0.26.0,2.14.0+cu130,13.0,[0.007451733450094858],[0.005692799886067708],"[['kernel', 'cublas']]",[0.7639564571375322],0.7639564571375322,9e3b989cc50a8143718048351bcd79a1e1343d47,True,727a44403b6c1ea0a0499c8212e5796d0fa2b31944929e9ecd50d60be4b961f2,af9cc13549f0726e295a5ae65c91f580c7728d2c795e53e0ffe3547023f38d30,99750ba84c133138994941c182c10eaa495663bf69570ad04c3f6be90fa2d1ab,5db36328f88d5a5758659814bdec098cf0e5ac20823ac5b713b0ef41d0e06f74,nvrtc,10,,,,,,,0,"{""kind"":""cuda"",""tag"":"""",""keys"":[""cuda"",""gpu""],""max_num_threads"":1024,""thread_warp_size"":32,""arch"":""sm_103a""}",paired_reverse_rotation_v1
5,1024,1024,1024,0.01046399970849355,0.01046399970849355,0.01046399970849355,205.22588950923839,0.005682133138179779,0.5430173257332599,0.012,0.015600000000000001,PASS,0,10,30,1,NVIDIA B300 SXM6 AC,148,0.26.0,2.14.0+cu130,13.0,[0.01046399970849355],[0.005682133138179779],"[['kernel', 'cublas']]",[0.5430173257332599],0.5430173257332599,9e3b989cc50a8143718048351bcd79a1e1343d47,True,727a44403b6c1ea0a0499c8212e5796d0fa2b31944929e9ecd50d60be4b961f2,af9cc13549f0726e295a5ae65c91f580c7728d2c795e53e0ffe3547023f38d30,99750ba84c133138994941c182c10eaa495663bf69570ad04c3f6be90fa2d1ab,5db36328f88d5a5758659814bdec098cf0e5ac20823ac5b713b0ef41d0e06f74,nvrtc,10,,,,,,,0,"{""kind"":""cuda"",""tag"":"""",""keys"":[""cuda"",""gpu""],""max_num_threads"":1024,""thread_warp_size"":32,""arch"":""sm_103a""}",paired_reverse_rotation_v1
5,2048,2048,2048,0.01981333295504252,0.01981333295504252,0.01981333295504252,867.0862808888345,0.012673067053159077,0.6396231811131889,0.033,0.0429,PASS,0,10,30,1,NVIDIA B300 SXM6 AC,148,0.26.0,2.14.0+cu130,13.0,[0.01981333295504252],[0.012673067053159077],"[['kernel', 'cublas']]",[0.6396231811131889],0.6396231811131889,9e3b989cc50a8143718048351bcd79a1e1343d47,True,727a44403b6c1ea0a0499c8212e5796d0fa2b31944929e9ecd50d60be4b961f2,af9cc13549f0726e295a5ae65c91f580c7728d2c795e53e0ffe3547023f38d30,99750ba84c133138994941c182c10eaa495663bf69570ad04c3f6be90fa2d1ab,5db36328f88d5a5758659814bdec098cf0e5ac20823ac5b713b0ef41d0e06f74,nvrtc,10,,,,,,,0,"{""kind"":""cuda"",""tag"":"""",""keys"":[""cuda"",""gpu""],""max_num_threads"":1024,""thread_warp_size"":32,""arch"":""sm_103a""}",paired_reverse_rotation_v1
5,4096,4096,4096,0.15066240628560384,0.15066240628560384,0.15066240628560384,912.2312384382288,0.08688106536865234,0.5766605453251282,0.272,0.3536,PASS,0,10,30,1,NVIDIA B300 SXM6 AC,148,0.26.0,2.14.0+cu130,13.0,[0.15066240628560384],[0.08688106536865234],"[['kernel', 'cublas']]",[0.5766605453251282],0.5766605453251282,9e3b989cc50a8143718048351bcd79a1e1343d47,True,727a44403b6c1ea0a0499c8212e5796d0fa2b31944929e9ecd50d60be4b961f2,af9cc13549f0726e295a5ae65c91f580c7728d2c795e53e0ffe3547023f38d30,99750ba84c133138994941c182c10eaa495663bf69570ad04c3f6be90fa2d1ab,5db36328f88d5a5758659814bdec098cf0e5ac20823ac5b713b0ef41d0e06f74,nvrtc,10,,,,,,,0,"{""kind"":""cuda"",""tag"":"""",""keys"":[""cuda"",""gpu""],""max_num_threads"":1024,""thread_warp_size"":32,""arch"":""sm_103a""}",paired_reverse_rotation_v1
6,1024,1024,1024,0.00849173367023468,0.00849173367023468,0.00849173367023468,252.89107400145906,0.0057322666049003605,0.6750407899617914,0.013,0.0169,PASS,0,10,30,1,NVIDIA B300 SXM6 AC,148,0.26.0,2.14.0+cu130,13.0,[0.00849173367023468],[0.0057322666049003605],"[['kernel', 'cublas']]",[0.6750407899617914],0.6750407899617914,9e3b989cc50a8143718048351bcd79a1e1343d47,True,727a44403b6c1ea0a0499c8212e5796d0fa2b31944929e9ecd50d60be4b961f2,af9cc13549f0726e295a5ae65c91f580c7728d2c795e53e0ffe3547023f38d30,99750ba84c133138994941c182c10eaa495663bf69570ad04c3f6be90fa2d1ab,5db36328f88d5a5758659814bdec098cf0e5ac20823ac5b713b0ef41d0e06f74,nvrtc,10,,,,,,,0,"{""kind"":""cuda"",""tag"":"""",""keys"":[""cuda"",""gpu""],""max_num_threads"":1024,""thread_warp_size"":32,""arch"":""sm_103a""}",paired_reverse_rotation_v1
6,2048,2048,2048,0.024835199117660522,0.024835199117660522,0.024835199117660522,691.7548396776592,0.012542933225631714,0.5050466141305195,0.035,0.045500000000000006,PASS,0,10,30,1,NVIDIA B300 SXM6 AC,148,0.26.0,2.14.0+cu130,13.0,[0.024835199117660522],[0.012542933225631714],"[['kernel', 'cublas']]",[0.5050466141305195],0.5050466141305195,9e3b989cc50a8143718048351bcd79a1e1343d47,True,727a44403b6c1ea0a0499c8212e5796d0fa2b31944929e9ecd50d60be4b961f2,af9cc13549f0726e295a5ae65c91f580c7728d2c795e53e0ffe3547023f38d30,99750ba84c133138994941c182c10eaa495663bf69570ad04c3f6be90fa2d1ab,5db36328f88d5a5758659814bdec098cf0e5ac20823ac5b713b0ef41d0e06f74,nvrtc,10,,,,,,,0,"{""kind"":""cuda"",""tag"":"""",""keys"":[""cuda"",""gpu""],""max_num_threads"":1024,""thread_warp_size"":32,""arch"":""sm_103a""}",paired_reverse_rotation_v1
6,4096,4096,4096,0.15553706487019855,0.15553706487019855,0.15553706487019855,883.6411667321734,0.08611839612325033,0.5536840764940455,0.239,0.3107,PASS,0,10,30,1,NVIDIA B300 SXM6 AC,148,0.26.0,2.14.0+cu130,13.0,[0.15553706487019855],[0.08611839612325033],"[['kernel', 'cublas']]",[0.5536840764940455],0.5536840764940455,9e3b989cc50a8143718048351bcd79a1e1343d47,True,727a44403b6c1ea0a0499c8212e5796d0fa2b31944929e9ecd50d60be4b961f2,af9cc13549f0726e295a5ae65c91f580c7728d2c795e53e0ffe3547023f38d30,99750ba84c133138994941c182c10eaa495663bf69570ad04c3f6be90fa2d1ab,5db36328f88d5a5758659814bdec098cf0e5ac20823ac5b713b0ef41d0e06f74,nvrtc,10,,,,,,,0,"{""kind"":""cuda"",""tag"":"""",""keys"":[""cuda"",""gpu""],""max_num_threads"":1024,""thread_warp_size"":32,""arch"":""sm_103a""}",paired_reverse_rotation_v1
6,8192,8192,8192,1.339412307739258,1.339412307739258,1.339412307739258,820.8910888924285,0.6611722946166992,0.49362865399726413,2.143,2.7859,PASS,0,10,30,1,NVIDIA B300 SXM6 AC,148,0.26.0,2.14.0+cu130,13.0,[1.339412307739258],[0.6611722946166992],"[['kernel', 'cublas']]",[0.49362865399726413],0.49362865399726413,9e3b989cc50a8143718048351bcd79a1e1343d47,True,727a44403b6c1ea0a0499c8212e5796d0fa2b31944929e9ecd50d60be4b961f2,af9cc13549f0726e295a5ae65c91f580c7728d2c795e53e0ffe3547023f38d30,99750ba84c133138994941c182c10eaa495663bf69570ad04c3f6be90fa2d1ab,5db36328f88d5a5758659814bdec098cf0e5ac20823ac5b713b0ef41d0e06f74,nvrtc,10,,,,,,,0,"{""kind"":""cuda"",""tag"":"""",""keys"":[""cuda"",""gpu""],""max_num_threads"":1024,""thread_warp_size"":32,""arch"":""sm_103a""}",paired_reverse_rotation_v1
7,1024,1024,1024,0.008444799979527792,0.008444799979527792,0.008444799979527792,254.29656749786994,0.0056757330894470215,0.6720979896748711,0.013,0.0169,PASS,0,10,30,1,NVIDIA B300 SXM6 AC,148,0.26.0,2.14.0+cu130,13.0,[0.008444799979527792],[0.0056757330894470215],"[['kernel', 'cublas']]",[0.6720979896748711],0.6720979896748711,9e3b989cc50a8143718048351bcd79a1e1343d47,True,727a44403b6c1ea0a0499c8212e5796d0fa2b31944929e9ecd50d60be4b961f2,af9cc13549f0726e295a5ae65c91f580c7728d2c795e53e0ffe3547023f38d30,99750ba84c133138994941c182c10eaa495663bf69570ad04c3f6be90fa2d1ab,5db36328f88d5a5758659814bdec098cf0e5ac20823ac5b713b0ef41d0e06f74,nvrtc,10,,,,,,,0,"{""kind"":""cuda"",""tag"":"""",""keys"":[""cuda"",""gpu""],""max_num_threads"":1024,""thread_warp_size"":32,""arch"":""sm_103a""}",paired_reverse_rotation_v1
7,2048,2048,2048,0.022435200214385987,0.022435200214385987,0.022435200214385987,765.7551089285067,0.012611200412114462,0.5621166867959511,0.031,0.0403,PASS,0,10,30,1,NVIDIA B300 SXM6 AC,148,0.26.0,2.14.0+cu130,13.0,[0.022435200214385987],[0.012611200412114462],"[['kernel', 'cublas']]",[0.5621166867959511],0.5621166867959511,9e3b989cc50a8143718048351bcd79a1e1343d47,True,727a44403b6c1ea0a0499c8212e5796d0fa2b31944929e9ecd50d60be4b961f2,af9cc13549f0726e295a5ae65c91f580c7728d2c795e53e0ffe3547023f38d30,99750ba84c133138994941c182c10eaa495663bf69570ad04c3f6be90fa2d1ab,5db36328f88d5a5758659814bdec098cf0e5ac20823ac5b713b0ef41d0e06f74,nvrtc,10,,,,,,,0,"{""kind"":""cuda"",""tag"":"""",""keys"":[""cuda"",""gpu""],""max_num_threads"":1024,""thread_warp_size"":32,""arch"":""sm_103a""}",paired_reverse_rotation_v1
7,4096,4096,4096,0.14269013404846193,0.14269013404846193,0.14269013404846193,963.1987129910575,0.08603093624114991,0.6029214059882456,0.23,0.29900000000000004,PASS,0,10,30,1,NVIDIA B300 SXM6 AC,148,0.26.0,2.14.0+cu130,13.0,[0.14269013404846193],[0.08603093624114991],"[['kernel', 'cublas']]",[0.6029214059882456],0.6029214059882456,9e3b989cc50a8143718048351bcd79a1e1343d47,True,727a44403b6c1ea0a0499c8212e5796d0fa2b31944929e9ecd50d60be4b961f2,af9cc13549f0726e295a5ae65c91f580c7728d2c795e53e0ffe3547023f38d30,99750ba84c133138994941c182c10eaa495663bf69570ad04c3f6be90fa2d1ab,5db36328f88d5a5758659814bdec098cf0e5ac20823ac5b713b0ef41d0e06f74,nvrtc,10,,,,,,,0,"{""kind"":""cuda"",""tag"":"""",""keys"":[""cuda"",""gpu""],""max_num_threads"":1024,""thread_warp_size"":32,""arch"":""sm_103a""}",paired_reverse_rotation_v1
7,8192,8192,8192,1.2754901885986327,1.2754901885986327,1.2754901885986327,862.0306432807778,0.6574090957641602,0.5154168190713003,2.075,2.6975000000000002,PASS,0,10,30,1,NVIDIA B300 SXM6 AC,148,0.26.0,2.14.0+cu130,13.0,[1.2754901885986327],[0.6574090957641602],"[['kernel', 'cublas']]",[0.5154168190713003],0.5154168190713003,9e3b989cc50a8143718048351bcd79a1e1343d47,True,727a44403b6c1ea0a0499c8212e5796d0fa2b31944929e9ecd50d60be4b961f2,af9cc13549f0726e295a5ae65c91f580c7728d2c795e53e0ffe3547023f38d30,99750ba84c133138994941c182c10eaa495663bf69570ad04c3f6be90fa2d1ab,5db36328f88d5a5758659814bdec098cf0e5ac20823ac5b713b0ef41d0e06f74,nvrtc,10,,,,,,,0,"{""kind"":""cuda"",""tag"":"""",""keys"":[""cuda"",""gpu""],""max_num_threads"":1024,""thread_warp_size"":32,""arch"":""sm_103a""}",paired_reverse_rotation_v1
8,1024,1024,1024,0.008365866541862488,0.008365866541862488,0.008365866541862488,256.69590080765346,0.0056981335083643595,0.6811169506292156,0.014,0.0182,PASS,0,10,30,1,NVIDIA B300 SXM6 AC,148,0.26.0,2.14.0+cu130,13.0,[0.008365866541862488],[0.0056981335083643595],"[['kernel', 'cublas']]",[0.6811169506292156],0.6811169506292156,9e3b989cc50a8143718048351bcd79a1e1343d47,True,727a44403b6c1ea0a0499c8212e5796d0fa2b31944929e9ecd50d60be4b961f2,af9cc13549f0726e295a5ae65c91f580c7728d2c795e53e0ffe3547023f38d30,99750ba84c133138994941c182c10eaa495663bf69570ad04c3f6be90fa2d1ab,5db36328f88d5a5758659814bdec098cf0e5ac20823ac5b713b0ef41d0e06f74,nvrtc,10,,,,,,,0,"{""kind"":""cuda"",""tag"":"""",""keys"":[""cuda"",""gpu""],""max_num_threads"":1024,""thread_warp_size"":32,""arch"":""sm_103a""}",paired_reverse_rotation_v1
8,2048,2048,2048,0.017934934298197428,0.017934934298197428,0.017934934298197428,957.8997557703171,0.01262506643931071,0.7039371446473383,0.023,0.0299,PASS,0,10,30,1,NVIDIA B300 SXM6 AC,148,0.26.0,2.14.0+cu130,13.0,[0.017934934298197428],[0.01262506643931071],"[['kernel', 'cublas']]",[0.7039371446473383],0.7039371446473383,9e3b989cc50a8143718048351bcd79a1e1343d47,True,727a44403b6c1ea0a0499c8212e5796d0fa2b31944929e9ecd50d60be4b961f2,af9cc13549f0726e295a5ae65c91f580c7728d2c795e53e0ffe3547023f38d30,99750ba84c133138994941c182c10eaa495663bf69570ad04c3f6be90fa2d1ab,5db36328f88d5a5758659814bdec098cf0e5ac20823ac5b713b0ef41d0e06f74,nvrtc,10,,,,,,,0,"{""kind"":""cuda"",""tag"":"""",""keys"":[""cuda"",""gpu""],""max_num_threads"":1024,""thread_warp_size"":32,""arch"":""sm_103a""}",paired_reverse_rotation_v1
8,4096,4096,4096,0.11893119812011718,0.11893119812011718,0.11893119812011718,1155.6173287112647,0.08618240356445313,0.724640842156583,0.132,0.1716,PASS,0,10,30,1,NVIDIA B300 SXM6 AC,148,0.26.0,2.14.0+cu130,13.0,[0.11893119812011718],[0.08618240356445313],"[['kernel', 'cublas']]",[0.724640842156583],0.724640842156583,9e3b989cc50a8143718048351bcd79a1e1343d47,True,727a44403b6c1ea0a0499c8212e5796d0fa2b31944929e9ecd50d60be4b961f2,af9cc13549f0726e295a5ae65c91f580c7728d2c795e53e0ffe3547023f38d30,99750ba84c133138994941c182c10eaa495663bf69570ad04c3f6be90fa2d1ab,5db36328f88d5a5758659814bdec098cf0e5ac20823ac5b713b0ef41d0e06f74,nvrtc,10,,,,,,,0,"{""kind"":""cuda"",""tag"":"""",""keys"":[""cuda"",""gpu""],""max_num_threads"":1024,""thread_warp_size"":32,""arch"":""sm_103a""}",paired_reverse_rotation_v1
8,8192,8192,8192,1.0151498794555665,1.0151498794555665,1.0151498794555665,1083.1027516505026,0.6675349553426106,0.6575728065895209,1.109,1.4417,PASS,0,10,30,1,NVIDIA B300 SXM6 AC,148,0.26.0,2.14.0+cu130,13.0,[1.0151498794555665],[0.6675349553426106],"[['kernel', 'cublas']]",[0.6575728065895209],0.6575728065895209,9e3b989cc50a8143718048351bcd79a1e1343d47,True,727a44403b6c1ea0a0499c8212e5796d0fa2b31944929e9ecd50d60be4b961f2,af9cc13549f0726e295a5ae65c91f580c7728d2c795e53e0ffe3547023f38d30,99750ba84c133138994941c182c10eaa495663bf69570ad04c3f6be90fa2d1ab,5db36328f88d5a5758659814bdec098cf0e5ac20823ac5b713b0ef41d0e06f74,nvrtc,10,,,,,,,0,"{""kind"":""cuda"",""tag"":"""",""keys"":[""cuda"",""gpu""],""max_num_threads"":1024,""thread_warp_size"":32,""arch"":""sm_103a""}",paired_reverse_rotation_v1
9,1024,1024,1024,0.012417067090670269,0.012417067090670269,0.012417067090670269,172.9461258700568,0.0056533331672350565,0.4552873175246645,0.015,0.0195,PASS,0,10,30,1,NVIDIA B300 SXM6 AC,148,0.26.0,2.14.0+cu130,13.0,[0.012417067090670269],[0.0056533331672350565],"[['kernel', 'cublas']]",[0.4552873175246645],0.4552873175246645,9e3b989cc50a8143718048351bcd79a1e1343d47,True,727a44403b6c1ea0a0499c8212e5796d0fa2b31944929e9ecd50d60be4b961f2,af9cc13549f0726e295a5ae65c91f580c7728d2c795e53e0ffe3547023f38d30,99750ba84c133138994941c182c10eaa495663bf69570ad04c3f6be90fa2d1ab,5db36328f88d5a5758659814bdec098cf0e5ac20823ac5b713b0ef41d0e06f74,nvrtc,10,,,,,,,0,"{""kind"":""cuda"",""tag"":"""",""keys"":[""cuda"",""gpu""],""max_num_threads"":1024,""thread_warp_size"":32,""arch"":""sm_103a""}",paired_reverse_rotation_v1
9,2048,2048,2048,0.01670080025990804,0.01670080025990804,0.01670080025990804,1028.6853873249422,0.012602667013804117,0.7546145584447287,0.023,0.0299,PASS,0,10,30,1,NVIDIA B300 SXM6 AC,148,0.26.0,2.14.0+cu130,13.0,[0.01670080025990804],[0.012602667013804117],"[['kernel', 'cublas']]",[0.7546145584447287],0.7546145584447287,9e3b989cc50a8143718048351bcd79a1e1343d47,True,727a44403b6c1ea0a0499c8212e5796d0fa2b31944929e9ecd50d60be4b961f2,af9cc13549f0726e295a5ae65c91f580c7728d2c795e53e0ffe3547023f38d30,99750ba84c133138994941c182c10eaa495663bf69570ad04c3f6be90fa2d1ab,5db36328f88d5a5758659814bdec098cf0e5ac20823ac5b713b0ef41d0e06f74,nvrtc,10,,,,,,,0,"{""kind"":""cuda"",""tag"":"""",""keys"":[""cuda"",""gpu""],""max_num_threads"":1024,""thread_warp_size"":32,""arch"":""sm_103a""}",paired_reverse_rotation_v1
9,4096,4096,4096,0.09869546890258789,0.09869546890258789,0.09869546890258789,1392.5558589488217,0.08706133365631104,0.8821208777298611,0.116,0.15080000000000002,PASS,0,10,30,1,NVIDIA B300 SXM6 AC,148,0.26.0,2.14.0+cu130,13.0,[0.09869546890258789],[0.08706133365631104],"[['kernel', 'cublas']]",[0.8821208777298611],0.8821208777298611,9e3b989cc50a8143718048351bcd79a1e1343d47,True,727a44403b6c1ea0a0499c8212e5796d0fa2b31944929e9ecd50d60be4b961f2,af9cc13549f0726e295a5ae65c91f580c7728d2c795e53e0ffe3547023f38d30,99750ba84c133138994941c182c10eaa495663bf69570ad04c3f6be90fa2d1ab,5db36328f88d5a5758659814bdec098cf0e5ac20823ac5b713b0ef41d0e06f74,nvrtc,10,,,,,,,0,"{""kind"":""cuda"",""tag"":"""",""keys"":[""cuda"",""gpu""],""max_num_threads"":1024,""thread_warp_size"":32,""arch"":""sm_103a""}",paired_reverse_rotation_v1
9,8192,8192,8192,0.7002965291341146,0.7002965291341146,0.7002965291341146,1570.0657964641023,0.7350069046020508,1.0495652541800458,0.788,1.0244,PASS,0,10,30,1,NVIDIA B300 SXM6 AC,148,0.26.0,2.14.0+cu130,13.0,[0.7002965291341146],[0.7350069046020508],"[['kernel', 'cublas']]",[1.0495652541800458],1.0495652541800458,9e3b989cc50a8143718048351bcd79a1e1343d47,True,727a44403b6c1ea0a0499c8212e5796d0fa2b31944929e9ecd50d60be4b961f2,af9cc13549f0726e295a5ae65c91f580c7728d2c795e53e0ffe3547023f38d30,99750ba84c133138994941c182c10eaa495663bf69570ad04c3f6be90fa2d1ab,5db36328f88d5a5758659814bdec098cf0e5ac20823ac5b713b0ef41d0e06f74,nvrtc,10,,,,,,,0,"{""kind"":""cuda"",""tag"":"""",""keys"":[""cuda"",""gpu""],""max_num_threads"":1024,""thread_warp_size"":32,""arch"":""sm_103a""}",paired_reverse_rotation_v1
10,1024,1024,1024,0.010915199915568033,0.010915199915568033,0.010915199915568033,196.7424934597035,0.005714133381843567,0.5235024027085078,0.025,0.0325,PASS,0,10,30,1,NVIDIA B300 SXM6 AC,148,0.26.0,2.14.0+cu130,13.0,[0.010915199915568033],[0.005714133381843567],"[['kernel', 'cublas']]",[0.5235024027085078],0.5235024027085078,9e3b989cc50a8143718048351bcd79a1e1343d47,True,727a44403b6c1ea0a0499c8212e5796d0fa2b31944929e9ecd50d60be4b961f2,af9cc13549f0726e295a5ae65c91f580c7728d2c795e53e0ffe3547023f38d30,99750ba84c133138994941c182c10eaa495663bf69570ad04c3f6be90fa2d1ab,5db36328f88d5a5758659814bdec098cf0e5ac20823ac5b713b0ef41d0e06f74,nvrtc,10,,,,,,,0,"{""kind"":""cuda"",""tag"":"""",""keys"":[""cuda"",""gpu""],""max_num_threads"":1024,""thread_warp_size"":32,""arch"":""sm_103a""}",paired_reverse_rotation_v1
10,2048,2048,2048,0.016622933745384216,0.016622933745384216,0.016622933745384216,1033.5040400898206,0.012637866536776225,0.7602669137922452,0.035,0.045500000000000006,PASS,0,10,30,1,NVIDIA B300 SXM6 AC,148,0.26.0,2.14.0+cu130,13.0,[0.016622933745384216],[0.012637866536776225],"[['kernel', 'cublas']]",[0.7602669137922452],0.7602669137922452,9e3b989cc50a8143718048351bcd79a1e1343d47,True,727a44403b6c1ea0a0499c8212e5796d0fa2b31944929e9ecd50d60be4b961f2,af9cc13549f0726e295a5ae65c91f580c7728d2c795e53e0ffe3547023f38d30,99750ba84c133138994941c182c10eaa495663bf69570ad04c3f6be90fa2d1ab,5db36328f88d5a5758659814bdec098cf0e5ac20823ac5b713b0ef41d0e06f74,nvrtc,10,,,,,,,0,"{""kind"":""cuda"",""tag"":"""",""keys"":[""cuda"",""gpu""],""max_num_threads"":1024,""thread_warp_size"":32,""arch"":""sm_103a""}",paired_reverse_rotation_v1
10,4096,4096,4096,0.09426133632659912,0.09426133632659912,0.09426133632659912,1458.0628583048936,0.08610453605651855,0.91346610829048,0.107,0.1391,PASS,0,10,30,1,NVIDIA B300 SXM6 AC,148,0.26.0,2.14.0+cu130,13.0,[0.09426133632659912],[0.08610453605651855],"[['kernel', 'cublas']]",[0.91346610829048],0.91346610829048,9e3b989cc50a8143718048351bcd79a1e1343d47,True,727a44403b6c1ea0a0499c8212e5796d0fa2b31944929e9ecd50d60be4b961f2,af9cc13549f0726e295a5ae65c91f580c7728d2c795e53e0ffe3547023f38d30,99750ba84c133138994941c182c10eaa495663bf69570ad04c3f6be90fa2d1ab,5db36328f88d5a5758659814bdec098cf0e5ac20823ac5b713b0ef41d0e06f74,nvrtc,10,,,,,,,0,"{""kind"":""cuda"",""tag"":"""",""keys"":[""cuda"",""gpu""],""max_num_threads"":1024,""thread_warp_size"":32,""arch"":""sm_103a""}",paired_reverse_rotation_v1
10,8192,8192,8192,0.6444714864095052,0.6444714864095052,0.6444714864095052,1706.067143329529,0.7442634582519532,1.154843114004021,0.728,0.9464,PASS,0,10,30,1,NVIDIA B300 SXM6 AC,148,0.26.0,2.14.0+cu130,13.0,[0.6444714864095052],[0.7442634582519532],"[['kernel', 'cublas']]",[1.154843114004021],1.154843114004021,9e3b989cc50a8143718048351bcd79a1e1343d47,True,727a44403b6c1ea0a0499c8212e5796d0fa2b31944929e9ecd50d60be4b961f2,af9cc13549f0726e295a5ae65c91f580c7728d2c795e53e0ffe3547023f38d30,99750ba84c133138994941c182c10eaa495663bf69570ad04c3f6be90fa2d1ab,5db36328f88d5a5758659814bdec098cf0e5ac20823ac5b713b0ef41d0e06f74,nvrtc,10,,,,,,,0,"{""kind"":""cuda"",""tag"":"""",""keys"":[""cuda"",""gpu""],""max_num_threads"":1024,""thread_warp_size"":32,""arch"":""sm_103a""}",paired_reverse_rotation_v1
